id;Music;Hiphop, Rap;Raggae;Swing, Jazz;Movies;Comedy;Romantic;Sci-fi;War;Fantasy/Fairy tales;Documentary;Western;History;Psychology;Politics;Reading;Languages;Musical instruments;Writing;Sport;Celebrities;Science and technology;Theatre;Age;Gender;clusters
1;5.0;1.0;1.0;1.0;5.0;5.0;4.0;4.0;1.0;5.0;3.0;1.0;1.0;5.0;1.0;3.0;5.0;3.0;2.0;5.0;1.0;4.0;2.0;20.0;1;1
2;4.0;1.0;3.0;1.0;5.0;4.0;3.0;4.0;1.0;3.0;4.0;1.0;1.0;3.0;4.0;4.0;5.0;1.0;1.0;1.0;2.0;3.0;2.0;19.0;1;3
3;5.0;1.0;4.0;3.0;5.0;4.0;2.0;4.0;2.0;5.0;2.0;2.0;1.0;2.0;1.0;5.0;5.0;5.0;5.0;2.0;1.0;2.0;5.0;20.0;1;4
4;5.0;5.0;3.0;2.0;5.0;5.0;2.0;3.0;3.0;4.0;3.0;1.0;3.0;2.0;3.0;5.0;3.0;3.0;1.0;1.0;3.0;3.0;2.0;20.0;1;1
5;5.0;4.0;3.0;4.0;5.0;5.0;2.0;3.0;3.0;4.0;3.0;2.0;5.0;3.0;4.0;3.0;4.0;5.0;1.0;4.0;1.0;3.0;1.0;20.0;0;2
6;5.0;3.0;1.0;1.0;4.0;5.0;3.0;1.0;3.0;5.0;3.0;1.0;3.0;3.0;1.0;3.0;4.0;2.0;1.0;3.0;1.0;4.0;3.0;20.0;1;1
7;5.0;3.0;2.0;2.0;5.0;5.0;2.0;3.0;3.0;4.0;3.0;1.0;5.0;2.0;3.0;2.0;4.0;1.0;1.0;5.0;3.0;2.0;2.0;19.0;0;5
8;5.0;1.0;2.0;2.0;5.0;5.0;4.0;4.0;5.0;4.0;5.0;1.0;3.0;2.0;1.0;5.0;1.0;2.0;1.0;1.0;5.0;1.0;5.0;18.0;1;1
9;5.0;2.0;4.0;4.0;5.0;5.0;5.0;1.0;3.0;4.0;4.0;1.0;3.0;2.0;3.0;4.0;5.0;3.0;1.0;4.0;2.0;3.0;5.0;19.0;1;4
10;5.0;3.0;2.0;2.0;5.0;5.0;3.0;3.0;2.0;5.0;3.0;1.0;3.0;3.0;3.0;3.0;5.0;1.0;1.0;1.0;2.0;4.0;2.0;19.0;1;1
11;5.0;1.0;1.0;2.0;5.0;4.0;3.0;2.0;5.0;5.0;5.0;1.0;2.0;2.0;5.0;3.0;2.0;1.0;1.0;3.0;2.0;3.0;1.0;17.0;1;3
12;5.0;3.0;1.0;1.0;5.0;4.0;3.0;1.0;4.0;5.0;3.0;1.0;4.0;4.0;4.0;5.0;5.0;4.0;1.0;3.0;3.0;3.0;2.0;24.0;1;1
13;5.0;2.0;1.0;3.0;5.0;5.0;5.0;2.0;1.0;5.0;2.0;1.0;2.0;2.0;1.0;4.0;5.0;3.0;1.0;3.0;5.0;2.0;3.0;19.0;1;1
14;5.0;3.0;4.0;4.0;4.0;5.0;4.0;1.0;1.0;5.0;3.0;1.0;2.0;5.0;1.0;4.0;3.0;1.0;5.0;1.0;5.0;2.0;4.0;22.0;1;1
15;1.0;2.0;4.0;2.0;5.0;5.0;3.0;3.0;5.0;4.0;5.0;2.0;5.0;5.0;3.0;3.0;4.0;5.0;2.0;3.0;1.0;5.0;3.0;18.0;0;2
16;5.0;2.0;3.0;2.0;5.0;5.0;3.0;2.0;2.0;2.0;4.0;1.0;1.0;1.0;1.0;1.0;3.0;2.0;1.0;1.0;3.0;2.0;1.0;19.0;1;1
17;5.0;3.0;4.0;3.0;5.0;5.0;5.0;5.0;2.0;4.0;5.0;1.0;3.0;2.0;2.0;4.0;2.0;1.0;2.0;3.0;3.0;4.0;3.0;20.0;1;1
18;5.0;4.0;4.0;4.0;5.0;5.0;4.0;5.0;5.0;4.0;5.0;5.0;3.0;5.0;3.0;3.0;4.0;1.0;1.0;3.0;1.0;5.0;1.0;18.0;0;2
19;5.0;1.0;4.0;5.0;3.0;4.0;2.0;3.0;5.0;4.0;5.0;2.0;2.0;3.0;3.0;3.0;4.0;5.0;1.0;2.0;3.0;4.0;2.0;18.0;0;2
20;5.0;4.0;3.0;5.0;5.0;5.0;3.0;3.0;4.0;3.0;3.0;2.0;5.0;3.0;4.0;3.0;4.0;5.0;3.0;5.0;2.0;5.0;2.0;20.0;0;2
21;5.0;1.0;2.0;1.0;5.0;5.0;2.0;5.0;3.0;3.0;5.0;2.0;4.0;4.0;4.0;1.0;4.0;2.0;4.0;3.0;1.0;5.0;4.0;24.0;0;2
22;5.0;3.0;3.0;3.0;5.0;5.0;5.0;4.0;3.0;5.0;3.0;2.0;2.0;2.0;3.0;5.0;4.0;5.0;3.0;4.0;3.0;3.0;5.0;20.0;1;4
23;5.0;1.0;1.0;1.0;5.0;5.0;5.0;2.0;2.0;2.0;3.0;1.0;4.0;5.0;5.0;4.0;5.0;4.0;3.0;5.0;4.0;5.0;5.0;19.0;1;1
24;5.0;3.0;1.0;2.0;5.0;5.0;5.0;1.0;1.0;4.0;3.0;1.0;2.0;2.0;1.0;4.0;5.0;1.0;1.0;4.0;5.0;1.0;3.0;20.0;1;1
25;5.0;2.0;1.0;3.0;5.0;5.0;4.0;2.0;5.0;5.0;5.0;2.0;3.0;3.0;1.0;4.0;3.0;2.0;2.0;5.0;4.0;3.0;1.0;22.0;1;4
26;4.0;2.0;4.0;2.0;5.0;3.0;4.0;5.0;3.0;2.0;5.0;2.0;2.0;2.0;3.0;2.0;4.0;1.0;1.0;4.0;2.0;2.0;1.0;19.0;1;3
27;5.0;5.0;2.0;1.0;5.0;5.0;3.0;1.0;5.0;4.0;3.0;4.0;5.0;1.0;1.0;1.0;4.0;1.0;1.0;5.0;3.0;3.0;1.0;20.0;0;5
28;5.0;3.0;4.0;3.0;5.0;5.0;5.0;2.0;4.0;5.0;4.0;2.0;5.0;4.0;2.0;5.0;5.0;2.0;2.0;4.0;4.0;3.0;4.0;19.0;1;4
29;4.0;4.0;3.0;4.0;5.0;4.0;3.0;4.0;4.0;3.0;4.0;3.0;2.0;3.0;3.0;4.0;4.0;1.0;1.0;5.0;2.0;4.0;2.0;25.0;0;2
30;4.0;3.0;3.0;2.0;4.0;5.0;5.0;2.0;2.0;5.0;4.0;1.0;4.0;4.0;2.0;5.0;4.0;1.0;2.0;1.0;1.0;1.0;3.0;22.0;1;3
31;5.0;4.0;2.0;2.0;5.0;5.0;5.0;2.0;3.0;5.0;3.0;2.0;4.0;5.0;3.0;3.0;3.0;2.0;1.0;2.0;4.0;3.0;3.0;20.0;1;4
32;5.0;1.0;3.0;4.0;4.0;4.0;3.0;1.0;3.0;5.0;5.0;2.0;5.0;3.0;5.0;5.0;5.0;3.0;1.0;4.0;3.0;3.0;4.0;27.0;1;4
33;5.0;2.0;3.0;3.0;5.0;5.0;4.0;4.0;2.0;2.0;3.0;1.0;4.0;5.0;4.0;3.0;5.0;3.0;2.0;3.0;1.0;5.0;3.0;20.0;0;2
34;5.0;4.0;3.0;1.0;5.0;5.0;5.0;3.0;4.0;1.0;1.0;1.0;1.0;1.0;1.0;5.0;5.0;1.0;1.0;3.0;3.0;2.0;5.0;19.0;1;1
35;5.0;1.0;1.0;1.0;5.0;4.0;4.0;4.0;4.0;5.0;3.0;1.0;4.0;5.0;3.0;5.0;4.0;1.0;1.0;1.0;4.0;4.0;4.0;18.0;1;1
36;5.0;1.0;2.0;2.0;4.0;5.0;2.0;3.0;4.0;2.0;4.0;3.0;3.0;3.0;5.0;2.0;4.0;5.0;1.0;5.0;2.0;4.0;1.0;21.0;0;5
37;5.0;4.0;5.0;2.0;5.0;5.0;5.0;3.0;3.0;5.0;5.0;2.0;3.0;4.0;4.0;5.0;5.0;3.0;5.0;4.0;2.0;3.0;3.0;23.0;1;4
38;5.0;1.0;2.0;1.0;4.0;5.0;5.0;3.0;4.0;5.0;4.0;2.0;4.0;1.0;1.0;3.0;1.0;2.0;1.0;5.0;2.0;5.0;2.0;21.0;1;1
39;4.0;3.0;2.0;1.0;5.0;5.0;3.0;2.0;1.0;2.0;4.0;1.0;2.0;1.0;1.0;1.0;3.0;1.0;1.0;1.0;5.0;3.0;1.0;26.0;1;1
40;5.0;5.0;5.0;5.0;3.0;5.0;1.0;5.0;5.0;1.0;5.0;5.0;5.0;4.0;5.0;5.0;3.0;4.0;1.0;5.0;1.0;3.0;1.0;20.0;0;5
41;5.0;3.0;3.0;3.0;5.0;5.0;5.0;5.0;3.0;5.0;4.0;3.0;2.0;5.0;1.0;3.0;5.0;2.0;1.0;1.0;2.0;4.0;2.0;19.0;1;4
42;5.0;3.0;2.0;2.0;5.0;5.0;4.0;3.0;2.0;5.0;3.0;1.0;2.0;4.0;2.0;3.0;5.0;2.0;5.0;3.0;3.0;3.0;3.0;20.0;1;1
43;4.0;3.0;1.0;3.0;5.0;5.0;4.0;3.0;1.0;5.0;4.0;1.0;4.0;5.0;5.0;5.0;3.0;1.0;3.0;2.0;5.0;4.0;4.0;25.0;1;1
44;5.0;3.0;3.0;3.0;5.0;5.0;2.0;4.0;1.0;2.0;5.0;2.0;5.0;5.0;5.0;3.0;2.0;5.0;1.0;5.0;4.0;5.0;2.0;27.0;0;2
45;5.0;1.0;3.0;3.0;5.0;4.0;2.0;2.0;3.0;3.0;2.0;1.0;2.0;3.0;1.0;5.0;5.0;1.0;1.0;2.0;2.0;2.0;4.0;19.0;1;3
46;5.0;5.0;5.0;2.0;3.0;3.0;2.0;2.0;1.0;2.0;3.0;1.0;2.0;4.0;3.0;2.0;5.0;2.0;1.0;4.0;2.0;3.0;4.0;20.0;1;3
47;5.0;3.0;2.0;2.0;5.0;5.0;3.0;3.0;3.0;5.0;1.0;1.0;2.0;2.0;2.0;5.0;4.0;1.0;1.0;1.0;2.0;3.0;2.0;20.0;1;1
48;4.0;4.0;4.0;3.0;5.0;5.0;4.0;2.0;4.0;4.0;4.0;1.0;3.0;4.0;1.0;4.0;4.0;1.0;1.0;4.0;4.0;4.0;2.0;19.0;1;3
49;5.0;2.0;4.0;4.0;5.0;5.0;5.0;4.0;3.0;5.0;4.0;3.0;2.0;4.0;4.0;3.0;4.0;2.0;1.0;5.0;2.0;5.0;2.0;19.0;1;4
50;5.0;5.0;5.0;5.0;5.0;5.0;5.0;5.0;5.0;5.0;5.0;5.0;5.0;4.0;3.0;5.0;4.0;5.0;5.0;5.0;1.0;4.0;4.0;21.0;1;4
51;5.0;3.0;3.0;3.0;5.0;5.0;5.0;1.0;5.0;5.0;3.0;1.0;3.0;3.0;4.0;4.0;5.0;4.0;1.0;5.0;1.0;3.0;5.0;18.0;1;1
52;5.0;3.0;3.0;4.0;5.0;5.0;5.0;5.0;3.0;5.0;5.0;2.0;5.0;3.0;4.0;5.0;4.0;4.0;2.0;4.0;1.0;3.0;5.0;21.0;1;4
53;5.0;4.0;3.0;3.0;5.0;3.0;3.0;2.0;3.0;4.0;3.0;2.0;4.0;5.0;2.0;3.0;5.0;2.0;1.0;3.0;3.0;4.0;2.0;23.0;1;3
54;5.0;2.0;3.0;4.0;5.0;5.0;5.0;3.0;2.0;4.0;3.0;3.0;3.0;4.0;4.0;5.0;5.0;1.0;3.0;1.0;2.0;3.0;4.0;20.0;1;4
55;5.0;2.0;2.0;4.0;5.0;5.0;3.0;5.0;3.0;5.0;5.0;2.0;5.0;5.0;2.0;5.0;3.0;2.0;1.0;3.0;5.0;3.0;5.0;21.0;1;4
56;5.0;2.0;2.0;1.0;5.0;5.0;1.0;3.0;2.0;3.0;5.0;1.0;3.0;3.0;1.0;1.0;4.0;1.0;1.0;3.0;2.0;4.0;1.0;19.0;0;5
57;5.0;3.0;3.0;4.0;5.0;3.0;3.0;4.0;3.0;3.0;3.0;1.0;4.0;4.0;5.0;5.0;3.0;1.0;3.0;1.0;1.0;1.0;1.0;22.0;0;2
58;5.0;2.0;3.0;3.0;5.0;4.0;4.0;4.0;5.0;3.0;4.0;3.0;4.0;5.0;4.0;5.0;4.0;5.0;5.0;4.0;1.0;4.0;4.0;23.0;0;2
59;5.0;3.0;2.0;3.0;5.0;5.0;5.0;5.0;3.0;4.0;2.0;2.0;3.0;3.0;3.0;1.0;3.0;1.0;1.0;1.0;2.0;3.0;3.0;23.0;0;5
60;5.0;5.0;4.0;5.0;5.0;5.0;1.0;5.0;5.0;5.0;5.0;1.0;5.0;4.0;4.0;2.0;4.0;2.0;1.0;5.0;1.0;5.0;2.0;23.0;0;2
61;5.0;2.0;1.0;2.0;5.0;5.0;5.0;1.0;3.0;5.0;2.0;1.0;1.0;2.0;2.0;2.0;5.0;1.0;1.0;1.0;3.0;4.0;5.0;18.0;1;1
62;4.0;4.0;2.0;2.0;5.0;5.0;3.0;5.0;5.0;4.0;3.0;2.0;5.0;2.0;3.0;1.0;3.0;1.0;1.0;3.0;2.0;2.0;1.0;17.0;0;5
63;4.0;3.0;3.0;3.0;4.0;5.0;3.0;5.0;5.0;5.0;4.0;3.0;3.0;2.0;2.0;1.0;2.0;1.0;1.0;5.0;3.0;4.0;2.0;20.0;0;5
64;3.0;4.0;3.0;4.0;5.0;5.0;5.0;1.0;2.0;4.0;2.0;1.0;2.0;3.0;3.0;3.0;4.0;2.0;2.0;3.0;3.0;2.0;3.0;24.0;1;1
65;5.0;1.0;5.0;4.0;5.0;5.0;4.0;4.0;2.0;5.0;2.0;1.0;2.0;2.0;3.0;2.0;4.0;2.0;1.0;1.0;1.0;4.0;3.0;18.0;1;1
66;5.0;5.0;2.0;3.0;5.0;5.0;3.0;3.0;3.0;2.0;2.0;1.0;2.0;1.0;3.0;2.0;3.0;1.0;1.0;5.0;2.0;3.0;1.0;17.0;0;5
67;4.0;4.0;4.0;1.0;4.0;5.0;3.0;1.0;3.0;3.0;3.0;1.0;5.0;1.0;5.0;3.0;2.0;1.0;1.0;5.0;4.0;4.0;1.0;20.0;0;5
68;5.0;4.0;2.0;2.0;5.0;5.0;5.0;3.0;3.0;5.0;4.0;2.0;3.0;2.0;1.0;2.0;3.0;3.0;1.0;3.0;2.0;1.0;2.0;28.0;1;1
69;5.0;5.0;2.0;2.0;5.0;5.0;4.0;3.0;5.0;5.0;3.0;3.0;4.0;3.0;4.0;2.0;5.0;3.0;1.0;5.0;2.0;5.0;2.0;21.0;0;5
70;5.0;5.0;4.0;1.0;5.0;5.0;1.0;4.0;5.0;3.0;4.0;5.0;4.0;3.0;5.0;1.0;5.0;5.0;3.0;5.0;1.0;2.0;2.0;22.0;0;5
71;5.0;3.0;5.0;4.0;4.0;5.0;2.0;1.0;4.0;1.0;4.0;4.0;5.0;5.0;4.0;2.0;5.0;5.0;2.0;5.0;3.0;4.0;4.0;20.0;0;2
72;5.0;4.0;2.0;2.0;5.0;5.0;3.0;1.0;1.0;5.0;5.0;2.0;4.0;2.0;1.0;5.0;5.0;1.0;1.0;5.0;1.0;3.0;5.0;21.0;1;4
73;4.0;4.0;5.0;5.0;5.0;5.0;4.0;2.0;3.0;5.0;5.0;3.0;2.0;5.0;1.0;5.0;5.0;2.0;3.0;5.0;1.0;5.0;5.0;24.0;1;4
74;5.0;5.0;3.0;3.0;5.0;5.0;4.0;5.0;5.0;5.0;5.0;3.0;4.0;3.0;5.0;1.0;5.0;2.0;1.0;3.0;1.0;4.0;3.0;21.0;1;4
75;5.0;4.0;4.0;3.0;5.0;5.0;4.0;3.0;4.0;5.0;4.0;2.0;5.0;4.0;4.0;2.0;3.0;2.0;1.0;5.0;3.0;3.0;2.0;19.0;1;4
76;5.0;4.0;4.0;3.0;5.0;5.0;3.0;5.0;3.0;5.0;4.0;3.0;3.0;2.0;1.0;2.0;4.0;1.0;1.0;5.0;2.0;5.0;2.0;22.0;0;2
77;5.0;1.0;1.0;2.0;5.0;3.0;2.0;4.0;3.0;5.0;5.0;3.0;4.0;5.0;1.0;5.0;4.0;3.0;2.0;1.0;1.0;2.0;3.0;18.0;1;4
78;5.0;1.0;1.0;2.0;5.0;5.0;4.0;3.0;5.0;5.0;3.0;3.0;4.0;3.0;1.0;2.0;3.0;4.0;1.0;4.0;2.0;5.0;5.0;22.0;0;5
79;4.0;4.0;3.0;3.0;5.0;4.0;1.0;4.0;4.0;3.0;4.0;3.0;5.0;5.0;5.0;5.0;4.0;4.0;4.0;5.0;1.0;5.0;5.0;24.0;0;2
80;5.0;3.0;5.0;3.0;5.0;5.0;4.0;1.0;5.0;3.0;4.0;2.0;5.0;4.0;5.0;3.0;5.0;1.0;1.0;5.0;2.0;3.0;4.0;18.0;1;4
81;5.0;1.0;1.0;5.0;5.0;5.0;2.0;2.0;1.0;3.0;4.0;1.0;5.0;1.0;5.0;5.0;5.0;1.0;5.0;1.0;5.0;3.0;3.0;21.0;1;1
82;5.0;1.0;2.0;4.0;5.0;4.0;3.0;2.0;3.0;3.0;3.0;3.0;3.0;3.0;3.0;4.0;4.0;1.0;1.0;2.0;3.0;1.0;4.0;22.0;1;3
83;4.0;1.0;3.0;1.0;4.0;5.0;4.0;2.0;2.0;5.0;3.0;1.0;1.0;1.0;1.0;3.0;4.0;3.0;1.0;1.0;1.0;3.0;2.0;19.0;1;1
84;5.0;1.0;3.0;5.0;5.0;3.0;4.0;3.0;2.0;4.0;5.0;3.0;4.0;3.0;2.0;5.0;5.0;2.0;4.0;2.0;2.0;2.0;4.0;19.0;1;4
85;5.0;1.0;1.0;5.0;4.0;3.0;1.0;4.0;3.0;3.0;3.0;3.0;2.0;3.0;1.0;1.0;2.0;2.0;1.0;4.0;1.0;5.0;1.0;24.0;0;5
86;5.0;5.0;2.0;1.0;5.0;5.0;1.0;4.0;2.0;2.0;3.0;1.0;3.0;2.0;1.0;2.0;4.0;2.0;1.0;1.0;1.0;4.0;2.0;21.0;0;5
87;5.0;5.0;5.0;4.0;5.0;5.0;3.0;5.0;5.0;4.0;3.0;1.0;4.0;4.0;4.0;1.0;4.0;1.0;1.0;2.0;3.0;5.0;3.0;21.0;0;5
88;5.0;3.0;1.0;1.0;2.0;5.0;1.0;5.0;5.0;5.0;1.0;1.0;1.0;1.0;1.0;1.0;1.0;1.0;1.0;4.0;1.0;1.0;1.0;19.0;0;5
89;5.0;5.0;2.0;2.0;5.0;5.0;3.0;5.0;5.0;3.0;5.0;3.0;3.0;2.0;2.0;3.0;4.0;1.0;1.0;5.0;1.0;4.0;1.0;19.0;0;5
90;3.0;1.0;3.0;2.0;3.0;2.0;2.0;5.0;5.0;1.0;5.0;3.0;1.0;1.0;1.0;3.0;5.0;1.0;1.0;5.0;1.0;5.0;1.0;22.0;0;5
91;5.0;2.0;4.0;1.0;3.0;5.0;4.0;2.0;1.0;4.0;5.0;1.0;3.0;4.0;1.0;3.0;4.0;1.0;1.0;2.0;1.0;3.0;3.0;18.0;1;1
92;5.0;4.0;4.0;3.0;5.0;5.0;5.0;3.0;2.0;5.0;3.0;2.0;3.0;1.0;2.0;3.0;4.0;4.0;1.0;1.0;3.0;3.0;3.0;21.0;1;1
93;5.0;1.0;4.0;3.0;4.0;5.0;3.0;4.0;5.0;4.0;5.0;4.0;5.0;1.0;4.0;5.0;3.0;1.0;1.0;1.0;2.0;3.0;1.0;18.0;0;5
94;4.0;3.0;3.0;4.0;4.0;4.0;2.0;3.0;5.0;4.0;5.0;3.0;5.0;4.0;5.0;2.0;3.0;2.0;3.0;3.0;1.0;3.0;3.0;21.0;0;2
95;5.0;1.0;2.0;3.0;4.0;4.0;3.0;1.0;4.0;4.0;5.0;3.0;4.0;2.0;2.0;3.0;3.0;1.0;1.0;5.0;1.0;4.0;3.0;24.0;0;5
96;5.0;4.0;4.0;4.0;5.0;5.0;5.0;5.0;5.0;5.0;4.0;3.0;4.0;4.0;3.0;2.0;5.0;1.0;1.0;2.0;2.0;5.0;2.0;19.0;0;2
97;5.0;1.0;3.0;4.0;3.0;4.0;2.0;2.0;3.0;3.0;2.0;1.0;1.0;2.0;4.0;5.0;1.0;1.0;4.0;5.0;1.0;2.0;5.0;18.0;1;3
98;4.0;2.0;1.0;1.0;5.0;5.0;4.0;3.0;2.0;4.0;3.0;1.0;1.0;3.0;2.0;2.0;4.0;5.0;4.0;1.0;1.0;2.0;3.0;17.0;1;1
99;5.0;2.0;2.0;2.0;5.0;4.0;2.0;5.0;5.0;3.0;4.0;3.0;3.0;3.0;4.0;1.0;3.0;1.0;1.0;2.0;1.0;4.0;1.0;18.0;0;5
100;5.0;1.0;4.0;5.0;4.0;5.0;3.0;4.0;5.0;4.0;4.0;5.0;3.0;4.0;1.0;1.0;4.0;1.0;3.0;4.0;1.0;4.0;1.0;21.0;0;5
101;5.0;3.0;3.0;4.0;4.0;4.0;4.0;2.0;2.0;5.0;4.0;2.0;3.0;4.0;1.0;5.0;5.0;2.0;4.0;3.0;2.0;3.0;4.0;22.0;1;4
102;5.0;1.0;3.0;4.0;5.0;4.0;4.0;3.0;1.0;4.0;4.0;1.0;2.0;3.0;1.0;5.0;4.0;2.0;1.0;2.0;1.0;5.0;5.0;20.0;1;1
103;5.0;2.0;2.0;2.0;5.0;4.0;3.0;2.0;2.0;5.0;3.0;2.0;5.0;3.0;1.0;5.0;5.0;1.0;4.0;1.0;2.0;4.0;4.0;19.0;1;4
104;5.0;1.0;1.0;2.0;4.0;5.0;5.0;3.0;3.0;5.0;3.0;1.0;2.0;4.0;2.0;5.0;4.0;5.0;5.0;1.0;1.0;1.0;2.0;21.0;1;1
105;5.0;1.0;1.0;1.0;4.0;4.0;5.0;2.0;2.0;4.0;4.0;1.0;2.0;2.0;2.0;1.0;2.0;1.0;1.0;1.0;4.0;3.0;2.0;18.0;1;3
106;5.0;2.0;4.0;4.0;5.0;3.0;2.0;2.0;3.0;2.0;3.0;3.0;3.0;2.0;4.0;4.0;3.0;2.0;2.0;1.0;1.0;3.0;2.0;23.0;0;2
107;4.0;2.0;2.0;2.0;3.0;4.0;3.0;1.0;2.0;3.0;2.0;1.0;4.0;4.0;2.0;3.0;1.0;3.0;3.0;1.0;1.0;2.0;2.0;16.0;1;3
108;5.0;1.0;3.0;5.0;3.0;5.0;4.0;2.0;5.0;4.0;5.0;3.0;5.0;3.0;4.0;5.0;4.0;3.0;2.0;4.0;1.0;5.0;5.0;23.0;0;2
109;4.0;4.0;2.0;2.0;4.0;4.0;3.0;3.0;4.0;3.0;1.0;3.0;1.0;3.0;3.0;1.0;2.0;1.0;1.0;2.0;3.0;4.0;1.0;21.0;0;5
110;5.0;1.0;3.0;4.0;4.0;3.0;2.0;2.0;2.0;4.0;5.0;2.0;5.0;2.0;1.0;5.0;3.0;2.0;3.0;2.0;2.0;1.0;5.0;23.0;1;4
111;5.0;3.0;1.0;5.0;3.0;4.0;2.0;1.0;1.0;2.0;5.0;1.0;2.0;3.0;1.0;3.0;3.0;5.0;4.0;4.0;1.0;3.0;4.0;20.0;1;1
112;5.0;2.0;4.0;5.0;5.0;5.0;4.0;4.0;3.0;4.0;3.0;2.0;4.0;4.0;4.0;5.0;4.0;5.0;5.0;3.0;1.0;3.0;5.0;20.0;1;4
113;3.0;4.0;1.0;1.0;3.0;4.0;4.0;1.0;1.0;5.0;3.0;1.0;5.0;2.0;2.0;4.0;5.0;1.0;2.0;1.0;3.0;2.0;2.0;20.0;1;1
114;4.0;3.0;4.0;3.0;5.0;4.0;3.0;4.0;4.0;3.0;4.0;2.0;4.0;4.0;4.0;4.0;4.0;1.0;3.0;1.0;1.0;4.0;3.0;19.0;1;3
115;5.0;2.0;3.0;1.0;5.0;3.0;5.0;5.0;5.0;2.0;2.0;1.0;4.0;5.0;3.0;5.0;5.0;5.0;5.0;3.0;1.0;5.0;5.0;15.0;1;4
116;5.0;2.0;3.0;4.0;5.0;4.0;5.0;2.0;2.0;5.0;5.0;2.0;4.0;3.0;2.0;3.0;3.0;1.0;1.0;1.0;1.0;3.0;1.0;20.0;1;3
117;5.0;5.0;2.0;1.0;5.0;2.0;1.0;4.0;3.0;3.0;3.0;4.0;1.0;3.0;4.0;1.0;4.0;1.0;1.0;1.0;2.0;4.0;3.0;18.0;0;5
118;5.0;2.0;4.0;3.0;5.0;5.0;5.0;5.0;4.0;2.0;4.0;1.0;1.0;5.0;2.0;4.0;5.0;1.0;1.0;1.0;3.0;4.0;2.0;15.0;1;1
119;5.0;1.0;2.0;5.0;5.0;2.0;2.0;1.0;4.0;5.0;5.0;1.0;4.0;1.0;1.0;5.0;4.0;5.0;3.0;4.0;1.0;1.0;5.0;20.0;1;4
120;5.0;4.0;4.0;4.0;5.0;5.0;5.0;5.0;3.0;5.0;5.0;3.0;3.0;3.0;3.0;3.0;3.0;2.0;1.0;3.0;2.0;4.0;4.0;16.0;1;4
121;5.0;3.0;5.0;4.0;4.0;5.0;2.0;4.0;5.0;3.0;5.0;2.0;5.0;2.0;1.0;4.0;5.0;3.0;1.0;4.0;3.0;5.0;4.0;18.0;0;2
122;5.0;5.0;1.0;1.0;5.0;5.0;4.0;3.0;5.0;2.0;4.0;3.0;4.0;2.0;5.0;3.0;3.0;1.0;2.0;5.0;1.0;5.0;5.0;21.0;0;5
123;5.0;3.0;3.0;4.0;5.0;5.0;5.0;1.0;3.0;5.0;4.0;3.0;2.0;3.0;2.0;5.0;5.0;5.0;3.0;4.0;2.0;2.0;2.0;20.0;1;4
124;5.0;5.0;3.0;4.0;5.0;5.0;5.0;2.0;1.0;3.0;1.0;2.0;1.0;3.0;1.0;3.0;4.0;5.0;3.0;4.0;4.0;2.0;3.0;19.0;1;4
125;3.0;4.0;3.0;1.0;3.0;5.0;5.0;1.0;1.0;5.0;5.0;1.0;3.0;5.0;1.0;4.0;5.0;1.0;1.0;3.0;1.0;5.0;3.0;19.0;1;1
126;5.0;2.0;2.0;2.0;5.0;5.0;3.0;5.0;5.0;3.0;5.0;1.0;3.0;4.0;1.0;2.0;3.0;3.0;1.0;4.0;1.0;5.0;4.0;21.0;0;5
127;1.0;1.0;2.0;1.0;4.0;4.0;4.0;1.0;2.0;2.0;4.0;1.0;2.0;4.0;2.0;3.0;4.0;2.0;4.0;1.0;2.0;2.0;2.0;19.0;1;3
128;5.0;5.0;1.0;1.0;5.0;5.0;4.0;3.0;4.0;2.0;5.0;2.0;5.0;3.0;5.0;4.0;5.0;1.0;1.0;5.0;2.0;3.0;4.0;21.0;0;5
129;5.0;5.0;2.0;2.0;5.0;3.0;3.0;4.0;3.0;4.0;4.0;2.0;4.0;2.0;3.0;5.0;4.0;1.0;3.0;1.0;1.0;5.0;2.0;18.0;0;2
130;4.0;4.0;3.0;2.0;4.0;5.0;5.0;4.0;3.0;3.0;4.0;3.0;3.0;4.0;3.0;1.0;4.0;2.0;3.0;4.0;2.0;4.0;2.0;20.0;0;2
131;2.0;3.0;2.0;1.0;3.0;4.0;2.0;5.0;5.0;4.0;4.0;2.0;2.0;3.0;1.0;2.0;3.0;1.0;1.0;3.0;1.0;4.0;2.0;19.0;0;5
132;5.0;1.0;2.0;4.0;5.0;4.0;3.0;4.0;2.0;2.0;3.0;1.0;2.0;3.0;4.0;4.0;4.0;1.0;1.0;4.0;2.0;5.0;3.0;22.0;1;3
133;5.0;2.0;5.0;4.0;5.0;5.0;2.0;2.0;2.0;3.0;2.0;1.0;4.0;4.0;4.0;3.0;2.0;1.0;1.0;5.0;4.0;3.0;4.0;20.0;0;5
134;5.0;4.0;3.0;3.0;5.0;5.0;3.0;2.0;5.0;2.0;5.0;2.0;5.0;5.0;5.0;2.0;5.0;1.0;5.0;5.0;1.0;4.0;2.0;25.0;0;2
135;2.0;4.0;1.0;4.0;3.0;5.0;4.0;3.0;3.0;3.0;4.0;2.0;5.0;3.0;5.0;4.0;3.0;1.0;1.0;3.0;4.0;4.0;2.0;21.0;1;3
136;5.0;2.0;2.0;3.0;4.0;5.0;3.0;2.0;5.0;1.0;5.0;3.0;5.0;1.0;5.0;1.0;5.0;3.0;1.0;1.0;1.0;5.0;1.0;24.0;0;5
137;5.0;3.0;2.0;4.0;4.0;3.0;3.0;4.0;2.0;3.0;3.0;1.0;4.0;5.0;2.0;4.0;5.0;5.0;4.0;3.0;2.0;4.0;3.0;19.0;1;3
138;5.0;3.0;5.0;2.0;5.0;4.0;4.0;3.0;3.0;3.0;3.0;2.0;5.0;2.0;4.0;5.0;5.0;1.0;1.0;2.0;1.0;1.0;1.0;25.0;0;5
139;5.0;2.0;2.0;2.0;5.0;3.0;2.0;4.0;5.0;3.0;3.0;4.0;3.0;4.0;3.0;4.0;2.0;1.0;1.0;1.0;2.0;3.0;2.0;26.0;0;5
140;5.0;4.0;5.0;4.0;5.0;5.0;5.0;4.0;1.0;5.0;2.0;1.0;1.0;2.0;1.0;4.0;4.0;5.0;4.0;5.0;4.0;4.0;4.0;15.0;1;1
141;5.0;3.0;5.0;4.0;5.0;5.0;3.0;5.0;5.0;4.0;4.0;1.0;4.0;3.0;5.0;1.0;4.0;5.0;4.0;5.0;1.0;4.0;2.0;19.0;0;2
142;5.0;4.0;3.0;2.0;5.0;5.0;3.0;5.0;2.0;4.0;3.0;1.0;2.0;2.0;1.0;5.0;4.0;1.0;4.0;2.0;4.0;3.0;2.0;20.0;1;1
143;4.0;5.0;4.0;3.0;4.0;5.0;5.0;3.0;5.0;2.0;5.0;3.0;5.0;3.0;3.0;3.0;5.0;1.0;1.0;5.0;1.0;2.0;1.0;21.0;0;5
144;5.0;1.0;1.0;1.0;4.0;3.0;3.0;5.0;3.0;2.0;4.0;1.0;5.0;5.0;3.0;2.0;2.0;1.0;1.0;1.0;1.0;1.0;1.0;22.0;0;5
145;5.0;5.0;3.0;3.0;5.0;5.0;5.0;2.0;5.0;3.0;4.0;1.0;3.0;4.0;5.0;5.0;5.0;4.0;2.0;2.0;2.0;4.0;5.0;20.0;1;4
146;5.0;1.0;1.0;1.0;4.0;5.0;3.0;3.0;2.0;3.0;3.0;1.0;2.0;2.0;2.0;4.0;4.0;3.0;1.0;5.0;1.0;3.0;4.0;21.0;1;1
147;5.0;3.0;3.0;3.0;5.0;5.0;3.0;3.0;3.0;4.0;4.0;3.0;3.0;4.0;4.0;4.0;3.0;1.0;4.0;4.0;3.0;5.0;3.0;20.0;1;4
148;5.0;1.0;1.0;3.0;5.0;2.0;1.0;2.0;4.0;3.0;3.0;2.0;4.0;2.0;2.0;5.0;5.0;4.0;4.0;1.0;1.0;1.0;5.0;19.0;1;4
149;4.0;2.0;3.0;5.0;3.0;5.0;2.0;3.0;5.0;4.0;4.0;1.0;5.0;4.0;5.0;3.0;4.0;5.0;3.0;5.0;1.0;1.0;3.0;19.0;0;2
150;5.0;4.0;3.0;3.0;5.0;5.0;3.0;3.0;4.0;3.0;3.0;2.0;4.0;4.0;4.0;4.0;3.0;1.0;4.0;4.0;4.0;5.0;3.0;20.0;0;2
151;5.0;2.0;4.0;4.0;3.0;4.0;2.0;5.0;4.0;3.0;5.0;3.0;5.0;4.0;4.0;2.0;4.0;1.0;5.0;2.0;1.0;5.0;3.0;22.0;0;2
152;5.0;2.0;1.0;2.0;5.0;5.0;4.0;5.0;3.0;3.0;5.0;3.0;3.0;2.0;1.0;1.0;4.0;1.0;2.0;3.0;1.0;5.0;3.0;21.0;0;2
153;5.0;3.0;4.0;4.0;4.0;5.0;5.0;1.0;1.0;4.0;2.0;1.0;1.0;5.0;1.0;5.0;5.0;5.0;1.0;4.0;3.0;1.0;3.0;17.0;1;1
154;5.0;1.0;3.0;3.0;5.0;5.0;5.0;4.0;3.0;4.0;5.0;3.0;3.0;3.0;1.0;4.0;2.0;3.0;4.0;4.0;3.0;4.0;3.0;26.0;0;2
155;4.0;1.0;2.0;2.0;3.0;3.0;2.0;2.0;2.0;5.0;4.0;3.0;4.0;4.0;1.0;4.0;5.0;1.0;4.0;1.0;2.0;3.0;3.0;20.0;1;3
156;4.0;1.0;1.0;4.0;4.0;4.0;2.0;4.0;5.0;4.0;5.0;2.0;5.0;5.0;3.0;2.0;4.0;4.0;2.0;3.0;1.0;4.0;2.0;22.0;0;2
157;4.0;2.0;2.0;1.0;4.0;5.0;1.0;5.0;1.0;1.0;4.0;1.0;4.0;5.0;5.0;5.0;4.0;1.0;1.0;1.0;1.0;4.0;4.0;21.0;0;5
158;5.0;4.0;4.0;5.0;4.0;4.0;2.0;2.0;3.0;3.0;3.0;3.0;4.0;4.0;2.0;3.0;3.0;2.0;2.0;3.0;2.0;3.0;3.0;23.0;0;2
159;5.0;2.0;4.0;3.0;5.0;5.0;4.0;3.0;1.0;5.0;4.0;2.0;3.0;2.0;3.0;4.0;4.0;1.0;1.0;4.0;2.0;5.0;5.0;19.0;1;4
160;5.0;1.0;1.0;4.0;5.0;5.0;2.0;3.0;1.0;3.0;3.0;2.0;3.0;3.0;1.0;5.0;2.0;1.0;5.0;2.0;1.0;2.0;5.0;21.0;1;1
161;3.0;4.0;3.0;3.0;5.0;5.0;5.0;3.0;3.0;5.0;3.0;2.0;2.0;5.0;2.0;5.0;3.0;2.0;1.0;3.0;1.0;2.0;5.0;19.0;1;4
162;5.0;1.0;1.0;2.0;4.0;4.0;1.0;2.0;2.0;2.0;2.0;1.0;5.0;3.0;1.0;3.0;2.0;1.0;3.0;1.0;2.0;2.0;1.0;22.0;1;3
163;3.0;3.0;2.0;2.0;2.0;2.0;2.0;2.0;5.0;5.0;5.0;3.0;4.0;1.0;3.0;5.0;3.0;2.0;3.0;3.0;2.0;3.0;3.0;19.0;1;4
164;5.0;1.0;1.0;1.0;5.0;4.0;4.0;4.0;5.0;3.0;4.0;5.0;4.0;3.0;2.0;5.0;5.0;1.0;1.0;3.0;1.0;3.0;1.0;17.0;1;3
165;4.0;2.0;3.0;2.0;4.0;4.0;4.0;3.0;3.0;4.0;4.0;2.0;3.0;3.0;2.0;5.0;3.0;1.0;1.0;5.0;1.0;3.0;2.0;16.0;1;3
166;5.0;1.0;3.0;4.0;4.0;4.0;5.0;1.0;1.0;5.0;4.0;1.0;3.0;4.0;1.0;3.0;1.0;5.0;1.0;2.0;3.0;1.0;5.0;29.0;1;1
167;5.0;5.0;2.0;1.0;5.0;5.0;4.0;3.0;2.0;5.0;4.0;1.0;3.0;3.0;2.0;3.0;5.0;1.0;5.0;4.0;5.0;1.0;2.0;18.0;1;1
168;5.0;1.0;3.0;3.0;5.0;5.0;5.0;4.0;3.0;3.0;5.0;1.0;3.0;3.0;1.0;4.0;2.0;3.0;4.0;4.0;1.0;3.0;3.0;26.0;0;2
169;5.0;2.0;3.0;1.0;5.0;4.0;2.0;4.0;4.0;3.0;2.0;2.0;2.0;3.0;2.0;4.0;4.0;5.0;3.0;2.0;1.0;4.0;2.0;19.0;0;2
170;5.0;5.0;3.0;3.0;4.0;5.0;4.0;3.0;3.0;3.0;3.0;2.0;3.0;3.0;2.0;2.0;4.0;2.0;3.0;4.0;4.0;5.0;3.0;19.0;0;2
171;5.0;4.0;4.0;3.0;5.0;5.0;5.0;4.0;3.0;5.0;4.0;3.0;4.0;4.0;2.0;4.0;5.0;1.0;1.0;5.0;2.0;3.0;3.0;20.0;1;4
172;5.0;3.0;2.0;2.0;5.0;5.0;5.0;1.0;3.0;3.0;1.0;1.0;2.0;1.0;1.0;1.0;3.0;1.0;1.0;1.0;2.0;1.0;4.0;22.0;1;1
173;5.0;5.0;4.0;2.0;3.0;3.0;2.0;3.0;5.0;5.0;3.0;2.0;4.0;3.0;2.0;2.0;3.0;3.0;1.0;4.0;1.0;3.0;1.0;20.0;0;5
174;5.0;4.0;2.0;1.0;4.0;5.0;2.0;3.0;3.0;3.0;4.0;2.0;2.0;2.0;1.0;4.0;3.0;2.0;1.0;5.0;1.0;4.0;1.0;21.0;0;5
175;4.0;5.0;4.0;3.0;5.0;5.0;5.0;5.0;5.0;4.0;5.0;4.0;3.0;2.0;3.0;3.0;4.0;1.0;1.0;2.0;1.0;4.0;2.0;21.0;0;5
176;5.0;5.0;3.0;1.0;5.0;5.0;2.0;5.0;5.0;4.0;2.0;3.0;2.0;2.0;2.0;1.0;5.0;2.0;1.0;4.0;3.0;4.0;1.0;15.0;0;5
177;5.0;3.0;3.0;2.0;5.0;5.0;5.0;3.0;3.0;5.0;2.0;2.0;2.0;2.0;1.0;3.0;4.0;1.0;1.0;3.0;1.0;1.0;2.0;19.0;1;1
178;5.0;2.0;5.0;4.0;5.0;4.0;2.0;5.0;1.0;4.0;4.0;2.0;1.0;2.0;1.0;5.0;2.0;3.0;1.0;1.0;1.0;4.0;4.0;24.0;1;3
179;5.0;1.0;1.0;4.0;5.0;4.0;4.0;3.0;3.0;5.0;5.0;2.0;5.0;4.0;1.0;5.0;5.0;3.0;5.0;4.0;1.0;4.0;5.0;19.0;1;4
180;5.0;1.0;2.0;4.0;5.0;4.0;1.0;4.0;4.0;2.0;4.0;4.0;5.0;3.0;5.0;5.0;5.0;3.0;3.0;3.0;1.0;4.0;5.0;25.0;0;2
181;5.0;2.0;2.0;3.0;5.0;5.0;5.0;5.0;5.0;5.0;5.0;1.0;5.0;2.0;4.0;5.0;4.0;1.0;2.0;5.0;3.0;4.0;3.0;20.0;1;4
182;5.0;4.0;5.0;5.0;3.0;4.0;2.0;3.0;5.0;5.0;4.0;1.0;3.0;3.0;3.0;3.0;4.0;3.0;2.0;5.0;4.0;3.0;2.0;19.0;1;3
183;5.0;5.0;4.0;5.0;5.0;5.0;3.0;3.0;5.0;3.0;4.0;3.0;4.0;4.0;4.0;4.0;3.0;1.0;1.0;5.0;1.0;4.0;4.0;21.0;0;5
184;5.0;4.0;4.0;4.0;5.0;5.0;5.0;5.0;5.0;5.0;5.0;5.0;5.0;4.0;5.0;5.0;5.0;2.0;3.0;5.0;5.0;4.0;4.0;23.0;0;2
185;5.0;5.0;4.0;4.0;5.0;5.0;5.0;3.0;3.0;5.0;3.0;2.0;1.0;3.0;2.0;3.0;5.0;1.0;1.0;5.0;5.0;1.0;4.0;21.0;1;1
186;5.0;3.0;2.0;4.0;5.0;5.0;3.0;5.0;5.0;5.0;5.0;3.0;5.0;3.0;4.0;5.0;4.0;5.0;5.0;1.0;1.0;4.0;5.0;20.0;0;2
187;5.0;4.0;2.0;2.0;5.0;5.0;4.0;3.0;3.0;5.0;4.0;2.0;3.0;3.0;3.0;5.0;5.0;1.0;1.0;3.0;4.0;5.0;4.0;20.0;1;4
188;4.0;2.0;2.0;5.0;5.0;5.0;2.0;3.0;2.0;4.0;5.0;3.0;4.0;3.0;3.0;4.0;5.0;1.0;2.0;3.0;4.0;5.0;4.0;18.0;1;4
189;1.0;5.0;1.0;1.0;4.0;5.0;3.0;1.0;5.0;1.0;3.0;4.0;3.0;1.0;1.0;1.0;1.0;1.0;1.0;5.0;3.0;1.0;1.0;27.0;0;5
190;5.0;2.0;1.0;1.0;4.0;3.0;1.0;1.0;4.0;1.0;3.0;1.0;3.0;3.0;2.0;3.0;3.0;1.0;1.0;3.0;1.0;1.0;2.0;17.0;1;1
191;5.0;3.0;1.0;2.0;5.0;5.0;5.0;3.0;2.0;5.0;4.0;2.0;2.0;3.0;1.0;5.0;5.0;4.0;3.0;2.0;2.0;2.0;5.0;19.0;1;4
192;5.0;4.0;3.0;1.0;5.0;5.0;3.0;5.0;5.0;3.0;5.0;1.0;2.0;1.0;5.0;3.0;5.0;5.0;1.0;4.0;3.0;5.0;3.0;18.0;0;2
193;5.0;5.0;2.0;1.0;5.0;5.0;1.0;3.0;5.0;3.0;5.0;3.0;5.0;3.0;4.0;1.0;3.0;1.0;1.0;5.0;3.0;5.0;1.0;26.0;0;5
194;5.0;5.0;4.0;4.0;5.0;5.0;3.0;2.0;3.0;4.0;4.0;3.0;3.0;3.0;1.0;3.0;5.0;5.0;1.0;5.0;1.0;4.0;2.0;18.0;0;2
195;5.0;5.0;5.0;5.0;5.0;5.0;3.0;4.0;3.0;4.0;4.0;3.0;3.0;4.0;1.0;3.0;5.0;5.0;3.0;5.0;1.0;5.0;3.0;30.0;0;2
196;5.0;2.0;1.0;4.0;5.0;5.0;5.0;3.0;3.0;5.0;3.0;3.0;2.0;3.0;1.0;3.0;3.0;1.0;2.0;2.0;3.0;3.0;2.0;24.0;1;1
197;5.0;4.0;3.0;4.0;5.0;5.0;3.0;2.0;2.0;4.0;4.0;1.0;4.0;5.0;2.0;5.0;4.0;4.0;4.0;5.0;2.0;3.0;3.0;20.0;1;4
198;5.0;3.0;3.0;2.0;5.0;4.0;3.0;4.0;5.0;2.0;3.0;1.0;2.0;4.0;3.0;1.0;2.0;1.0;1.0;1.0;1.0;4.0;2.0;20.0;0;5
199;5.0;3.0;4.0;4.0;5.0;4.0;2.0;5.0;5.0;2.0;5.0;3.0;3.0;3.0;4.0;4.0;4.0;3.0;1.0;2.0;1.0;5.0;3.0;20.0;0;2
200;5.0;2.0;3.0;5.0;5.0;3.0;3.0;2.0;4.0;4.0;5.0;2.0;5.0;4.0;3.0;5.0;5.0;1.0;2.0;2.0;1.0;3.0;5.0;19.0;1;4
201;4.0;1.0;2.0;5.0;5.0;3.0;2.0;5.0;5.0;3.0;4.0;3.0;3.0;3.0;2.0;4.0;4.0;4.0;1.0;2.0;1.0;4.0;4.0;20.0;1;3
202;4.0;2.0;5.0;3.0;3.0;4.0;1.0;2.0;2.0;3.0;3.0;3.0;2.0;1.0;1.0;1.0;3.0;4.0;1.0;3.0;1.0;4.0;2.0;21.0;0;5
203;5.0;4.0;3.0;3.0;4.0;4.0;4.0;4.0;4.0;4.0;4.0;2.0;4.0;4.0;4.0;5.0;5.0;1.0;1.0;4.0;3.0;3.0;3.0;19.0;1;3
204;5.0;3.0;4.0;5.0;5.0;5.0;5.0;5.0;5.0;2.0;3.0;2.0;1.0;2.0;4.0;1.0;5.0;5.0;1.0;2.0;2.0;2.0;1.0;19.0;1;4
205;4.0;4.0;4.0;2.0;5.0;5.0;5.0;4.0;3.0;4.0;3.0;2.0;1.0;4.0;1.0;4.0;3.0;1.0;3.0;5.0;3.0;2.0;3.0;18.0;1;4
206;4.0;2.0;4.0;1.0;3.0;5.0;5.0;2.0;2.0;5.0;4.0;2.0;1.0;1.0;1.0;1.0;2.0;1.0;1.0;2.0;3.0;2.0;1.0;18.0;1;3
207;5.0;1.0;1.0;3.0;5.0;5.0;3.0;1.0;4.0;5.0;3.0;2.0;5.0;5.0;4.0;5.0;4.0;1.0;3.0;1.0;1.0;1.0;4.0;16.0;1;4
208;1.0;2.0;4.0;3.0;5.0;5.0;3.0;3.0;5.0;5.0;5.0;2.0;5.0;4.0;5.0;5.0;5.0;2.0;2.0;4.0;2.0;5.0;5.0;19.0;1;4
209;5.0;5.0;4.0;3.0;4.0;5.0;5.0;2.0;3.0;5.0;4.0;2.0;2.0;2.0;3.0;4.0;5.0;2.0;1.0;2.0;2.0;3.0;2.0;18.0;1;4
210;5.0;5.0;3.0;2.0;5.0;5.0;5.0;3.0;4.0;5.0;3.0;2.0;2.0;3.0;2.0;1.0;5.0;1.0;1.0;2.0;3.0;3.0;3.0;19.0;1;1
211;5.0;3.0;3.0;4.0;5.0;5.0;3.0;3.0;3.0;4.0;2.0;1.0;4.0;2.0;4.0;4.0;3.0;2.0;3.0;4.0;1.0;3.0;4.0;21.0;1;4
212;3.0;2.0;2.0;2.0;3.0;5.0;3.0;3.0;4.0;5.0;4.0;3.0;3.0;3.0;5.0;1.0;3.0;1.0;1.0;5.0;3.0;3.0;2.0;21.0;0;5
213;5.0;5.0;3.0;3.0;5.0;4.0;4.0;4.0;5.0;4.0;3.0;2.0;3.0;4.0;4.0;2.0;5.0;1.0;2.0;3.0;5.0;3.0;4.0;18.0;1;3
214;3.0;1.0;1.0;2.0;5.0;5.0;4.0;4.0;2.0;3.0;2.0;1.0;3.0;3.0;2.0;4.0;5.0;2.0;2.0;2.0;2.0;2.0;5.0;21.0;1;1
215;5.0;2.0;3.0;3.0;5.0;5.0;4.0;2.0;1.0;5.0;2.0;1.0;1.0;5.0;2.0;5.0;3.0;1.0;1.0;3.0;5.0;1.0;4.0;20.0;1;1
216;5.0;4.0;5.0;4.0;5.0;5.0;3.0;2.0;1.0;5.0;3.0;2.0;3.0;5.0;2.0;5.0;3.0;1.0;5.0;5.0;2.0;3.0;5.0;19.0;1;4
217;5.0;3.0;4.0;4.0;5.0;5.0;4.0;5.0;5.0;5.0;5.0;5.0;5.0;3.0;2.0;1.0;1.0;1.0;1.0;5.0;1.0;4.0;2.0;27.0;0;5
218;5.0;4.0;2.0;2.0;5.0;5.0;5.0;4.0;3.0;5.0;3.0;2.0;5.0;5.0;3.0;5.0;5.0;4.0;1.0;2.0;1.0;3.0;4.0;19.0;1;4
219;5.0;2.0;2.0;4.0;5.0;5.0;3.0;5.0;3.0;5.0;5.0;2.0;4.0;4.0;2.0;3.0;2.0;3.0;3.0;3.0;1.0;4.0;3.0;19.0;1;4
220;5.0;4.0;4.0;2.0;5.0;5.0;5.0;4.0;2.0;2.0;2.0;2.0;1.0;1.0;2.0;5.0;4.0;1.0;2.0;3.0;4.0;1.0;3.0;20.0;1;4
221;5.0;4.0;4.0;3.0;5.0;5.0;5.0;5.0;3.0;5.0;5.0;2.0;2.0;2.0;2.0;4.0;4.0;3.0;1.0;4.0;1.0;4.0;4.0;19.0;1;4
222;5.0;2.0;1.0;3.0;5.0;5.0;5.0;4.0;4.0;5.0;4.0;3.0;3.0;4.0;2.0;5.0;5.0;3.0;5.0;3.0;3.0;3.0;3.0;20.0;1;4
223;5.0;1.0;1.0;1.0;3.0;5.0;5.0;3.0;1.0;2.0;2.0;1.0;1.0;3.0;1.0;1.0;2.0;1.0;1.0;2.0;2.0;5.0;1.0;17.0;1;1
224;5.0;4.0;2.0;1.0;5.0;5.0;5.0;1.0;5.0;5.0;3.0;1.0;2.0;4.0;3.0;2.0;2.0;1.0;1.0;1.0;5.0;1.0;2.0;23.0;1;1
225;5.0;3.0;3.0;4.0;5.0;4.0;4.0;2.0;1.0;5.0;5.0;4.0;2.0;5.0;1.0;5.0;5.0;5.0;5.0;5.0;1.0;4.0;5.0;20.0;1;4
226;5.0;3.0;2.0;1.0;3.0;5.0;5.0;2.0;2.0;5.0;2.0;2.0;3.0;2.0;2.0;2.0;2.0;2.0;1.0;5.0;5.0;1.0;1.0;20.0;1;1
227;5.0;4.0;2.0;3.0;5.0;5.0;3.0;5.0;5.0;4.0;5.0;4.0;4.0;2.0;4.0;1.0;4.0;2.0;1.0;5.0;3.0;5.0;3.0;19.0;0;2
228;5.0;1.0;1.0;4.0;5.0;5.0;2.0;5.0;3.0;5.0;3.0;1.0;2.0;2.0;2.0;5.0;3.0;3.0;1.0;2.0;1.0;4.0;3.0;20.0;1;1
229;2.0;2.0;1.0;3.0;3.0;5.0;1.0;1.0;4.0;3.0;5.0;1.0;5.0;4.0;4.0;5.0;4.0;2.0;2.0;2.0;1.0;3.0;5.0;19.0;0;2
230;3.0;3.0;3.0;3.0;3.0;3.0;3.0;3.0;3.0;3.0;3.0;3.0;3.0;3.0;3.0;3.0;3.0;3.0;3.0;1.0;3.0;3.0;3.0;19.0;0;2
231;5.0;2.0;1.0;1.0;5.0;5.0;5.0;4.0;1.0;4.0;3.0;1.0;3.0;2.0;4.0;5.0;5.0;4.0;5.0;5.0;4.0;2.0;2.0;18.0;1;1
232;5.0;3.0;3.0;5.0;4.0;3.0;3.0;3.0;3.0;4.0;5.0;3.0;3.0;5.0;4.0;5.0;5.0;5.0;5.0;1.0;1.0;3.0;4.0;19.0;1;4
233;5.0;4.0;3.0;2.0;5.0;5.0;4.0;3.0;2.0;4.0;1.0;1.0;1.0;4.0;2.0;3.0;5.0;1.0;3.0;4.0;2.0;1.0;3.0;15.0;1;1
234;5.0;4.0;3.0;3.0;5.0;5.0;5.0;4.0;2.0;2.0;2.0;1.0;1.0;1.0;1.0;3.0;3.0;1.0;1.0;1.0;3.0;1.0;2.0;15.0;1;1
235;5.0;2.0;2.0;4.0;5.0;5.0;5.0;3.0;3.0;4.0;3.0;2.0;3.0;3.0;1.0;5.0;5.0;2.0;1.0;4.0;3.0;3.0;3.0;19.0;1;4
236;5.0;3.0;2.0;2.0;4.0;5.0;4.0;2.0;2.0;5.0;4.0;4.0;4.0;4.0;4.0;5.0;4.0;4.0;2.0;3.0;1.0;4.0;5.0;21.0;1;4
237;5.0;2.0;3.0;3.0;4.0;5.0;5.0;4.0;2.0;5.0;5.0;2.0;1.0;2.0;2.0;1.0;4.0;1.0;1.0;2.0;2.0;4.0;1.0;19.0;1;3
238;5.0;1.0;1.0;1.0;5.0;4.0;3.0;3.0;4.0;4.0;4.0;2.0;3.0;3.0;3.0;5.0;5.0;2.0;2.0;1.0;1.0;5.0;2.0;17.0;1;4
239;5.0;5.0;5.0;5.0;5.0;5.0;4.0;2.0;2.0;5.0;5.0;2.0;3.0;5.0;3.0;4.0;4.0;1.0;1.0;1.0;5.0;2.0;5.0;23.0;1;4
240;5.0;5.0;5.0;4.0;5.0;4.0;2.0;1.0;5.0;3.0;4.0;2.0;4.0;1.0;3.0;4.0;3.0;1.0;1.0;5.0;4.0;3.0;3.0;24.0;0;5
241;5.0;2.0;5.0;4.0;5.0;5.0;2.0;2.0;4.0;3.0;5.0;1.0;3.0;4.0;2.0;5.0;4.0;1.0;2.0;2.0;1.0;4.0;5.0;19.0;1;4
242;5.0;4.0;4.0;5.0;5.0;4.0;5.0;4.0;5.0;5.0;4.0;3.0;3.0;4.0;3.0;4.0;5.0;3.0;2.0;4.0;2.0;4.0;3.0;19.0;1;4
243;5.0;4.0;3.0;2.0;4.0;5.0;4.0;1.0;2.0;3.0;5.0;2.0;5.0;5.0;5.0;4.0;2.0;2.0;4.0;4.0;1.0;4.0;4.0;22.0;1;4
244;5.0;2.0;2.0;4.0;5.0;5.0;4.0;5.0;3.0;5.0;4.0;3.0;5.0;5.0;4.0;5.0;5.0;2.0;5.0;2.0;4.0;4.0;5.0;20.0;1;4
245;5.0;1.0;1.0;1.0;5.0;5.0;4.0;5.0;4.0;5.0;3.0;3.0;4.0;1.0;1.0;4.0;4.0;4.0;1.0;2.0;2.0;1.0;3.0;21.0;1;1
246;5.0;2.0;2.0;3.0;5.0;5.0;4.0;5.0;5.0;3.0;4.0;4.0;5.0;3.0;4.0;2.0;5.0;1.0;1.0;5.0;1.0;3.0;2.0;19.0;0;5
247;5.0;5.0;5.0;2.0;5.0;5.0;2.0;5.0;3.0;5.0;5.0;3.0;4.0;3.0;3.0;5.0;4.0;1.0;1.0;5.0;3.0;5.0;2.0;19.0;0;5
248;5.0;3.0;3.0;1.0;4.0;5.0;5.0;3.0;2.0;5.0;5.0;1.0;3.0;4.0;1.0;1.0;2.0;2.0;1.0;1.0;2.0;1.0;2.0;20.0;1;1
249;5.0;2.0;3.0;2.0;4.0;5.0;5.0;3.0;1.0;3.0;3.0;2.0;3.0;4.0;2.0;3.0;3.0;4.0;5.0;5.0;2.0;2.0;5.0;18.0;1;4
250;5.0;4.0;4.0;5.0;4.0;5.0;2.0;3.0;3.0;4.0;5.0;5.0;2.0;3.0;3.0;2.0;4.0;5.0;1.0;1.0;1.0;4.0;2.0;19.0;0;2
251;5.0;1.0;2.0;1.0;3.0;5.0;2.0;1.0;1.0;3.0;1.0;1.0;1.0;3.0;2.0;1.0;3.0;1.0;1.0;1.0;2.0;2.0;3.0;20.0;1;1
252;1.0;1.0;1.0;1.0;5.0;4.0;2.0;5.0;5.0;5.0;4.0;2.0;2.0;1.0;1.0;1.0;3.0;1.0;1.0;5.0;2.0;2.0;1.0;20.0;0;5
253;5.0;3.0;1.0;2.0;5.0;5.0;4.0;2.0;2.0;3.0;2.0;1.0;2.0;3.0;2.0;5.0;5.0;1.0;2.0;2.0;2.0;3.0;3.0;20.0;1;1
254;5.0;5.0;5.0;3.0;5.0;5.0;3.0;3.0;4.0;4.0;4.0;1.0;4.0;4.0;1.0;3.0;5.0;1.0;1.0;5.0;3.0;3.0;4.0;27.0;1;1
255;5.0;4.0;1.0;3.0;5.0;4.0;4.0;2.0;3.0;4.0;3.0;2.0;4.0;3.0;3.0;4.0;4.0;2.0;1.0;4.0;2.0;3.0;3.0;19.0;1;3
256;5.0;4.0;1.0;2.0;4.0;4.0;2.0;2.0;4.0;2.0;2.0;2.0;5.0;2.0;5.0;2.0;4.0;2.0;1.0;4.0;2.0;3.0;4.0;19.0;0;3
257;4.0;4.0;3.0;4.0;5.0;5.0;5.0;3.0;3.0;5.0;4.0;1.0;4.0;3.0;3.0;5.0;4.0;1.0;5.0;4.0;1.0;5.0;5.0;20.0;1;4
258;4.0;3.0;4.0;3.0;4.0;4.0;4.0;4.0;3.0;4.0;3.0;2.0;4.0;3.0;3.0;4.0;4.0;1.0;1.0;5.0;1.0;3.0;4.0;20.0;0;3
259;5.0;3.0;3.0;3.0;5.0;5.0;5.0;3.0;2.0;5.0;3.0;2.0;3.0;4.0;3.0;5.0;5.0;1.0;4.0;2.0;5.0;4.0;5.0;21.0;1;4
260;5.0;1.0;4.0;3.0;5.0;5.0;4.0;5.0;4.0;5.0;4.0;3.0;4.0;1.0;1.0;5.0;5.0;3.0;3.0;2.0;1.0;4.0;4.0;16.0;1;4
261;5.0;2.0;4.0;3.0;5.0;3.0;4.0;2.0;5.0;5.0;4.0;4.0;3.0;3.0;3.0;3.0;4.0;1.0;1.0;5.0;2.0;3.0;2.0;18.0;1;3
262;5.0;2.0;4.0;1.0;5.0;5.0;1.0;4.0;4.0;1.0;3.0;4.0;4.0;2.0;3.0;2.0;5.0;1.0;1.0;5.0;1.0;5.0;1.0;23.0;0;5
263;5.0;1.0;3.0;3.0;5.0;4.0;3.0;4.0;2.0;2.0;2.0;2.0;1.0;4.0;1.0;5.0;3.0;2.0;3.0;1.0;1.0;3.0;2.0;19.0;0;2
264;5.0;5.0;4.0;4.0;5.0;5.0;4.0;2.0;5.0;5.0;4.0;2.0;3.0;5.0;3.0;5.0;4.0;1.0;5.0;5.0;2.0;2.0;1.0;19.0;1;4
265;5.0;5.0;5.0;3.0;5.0;5.0;3.0;1.0;3.0;5.0;5.0;1.0;3.0;4.0;3.0;1.0;4.0;3.0;1.0;2.0;2.0;2.0;3.0;22.0;1;1
266;5.0;1.0;1.0;3.0;3.0;1.0;3.0;5.0;4.0;4.0;5.0;1.0;3.0;4.0;3.0;5.0;4.0;4.0;3.0;3.0;1.0;3.0;4.0;18.0;1;4
267;4.0;1.0;1.0;2.0;5.0;4.0;2.0;4.0;5.0;5.0;5.0;4.0;5.0;5.0;2.0;4.0;1.0;1.0;2.0;1.0;1.0;5.0;4.0;20.0;0;2
268;5.0;5.0;3.0;1.0;5.0;5.0;4.0;1.0;1.0;5.0;3.0;1.0;3.0;4.0;3.0;3.0;5.0;2.0;1.0;3.0;3.0;3.0;3.0;19.0;1;1
269;4.0;4.0;2.0;2.0;5.0;5.0;4.0;1.0;3.0;3.0;3.0;4.0;4.0;2.0;2.0;5.0;4.0;1.0;1.0;4.0;4.0;3.0;3.0;25.0;1;3
270;5.0;2.0;3.0;2.0;5.0;5.0;4.0;3.0;1.0;4.0;2.0;1.0;4.0;5.0;4.0;5.0;4.0;1.0;1.0;3.0;1.0;3.0;1.0;18.0;1;1
271;5.0;2.0;2.0;3.0;5.0;5.0;5.0;2.0;4.0;5.0;4.0;1.0;5.0;5.0;5.0;4.0;5.0;5.0;2.0;3.0;3.0;3.0;3.0;20.0;1;4
272;5.0;4.0;5.0;5.0;5.0;5.0;5.0;2.0;1.0;5.0;2.0;1.0;3.0;4.0;1.0;1.0;4.0;4.0;1.0;5.0;2.0;5.0;4.0;15.0;1;1
273;5.0;1.0;1.0;5.0;5.0;5.0;3.0;4.0;1.0;5.0;5.0;1.0;2.0;2.0;2.0;5.0;5.0;5.0;5.0;4.0;1.0;5.0;1.0;19.0;1;4
274;5.0;4.0;1.0;1.0;4.0;3.0;2.0;3.0;2.0;3.0;2.0;1.0;2.0;3.0;1.0;4.0;4.0;1.0;1.0;4.0;1.0;3.0;4.0;16.0;1;3
275;5.0;1.0;2.0;1.0;3.0;3.0;3.0;3.0;2.0;2.0;3.0;1.0;1.0;1.0;1.0;1.0;2.0;1.0;1.0;3.0;2.0;3.0;2.0;19.0;0;5
276;5.0;5.0;5.0;5.0;5.0;5.0;4.0;5.0;3.0;4.0;5.0;3.0;5.0;3.0;3.0;5.0;5.0;3.0;2.0;4.0;3.0;3.0;5.0;18.0;1;4
277;2.0;3.0;3.0;3.0;5.0;4.0;3.0;4.0;5.0;2.0;3.0;1.0;2.0;1.0;1.0;1.0;1.0;1.0;1.0;5.0;1.0;2.0;1.0;15.0;0;5
278;5.0;2.0;5.0;5.0;5.0;5.0;5.0;5.0;5.0;5.0;5.0;4.0;5.0;4.0;2.0;3.0;5.0;5.0;4.0;5.0;3.0;5.0;4.0;20.0;0;2
279;5.0;2.0;1.0;1.0;4.0;4.0;1.0;2.0;5.0;4.0;3.0;2.0;4.0;2.0;2.0;2.0;3.0;1.0;1.0;3.0;4.0;4.0;3.0;20.0;0;3
280;5.0;3.0;2.0;1.0;4.0;5.0;4.0;3.0;2.0;3.0;3.0;1.0;3.0;2.0;2.0;1.0;1.0;1.0;1.0;4.0;4.0;3.0;2.0;20.0;1;1
281;5.0;3.0;3.0;4.0;5.0;5.0;5.0;3.0;4.0;5.0;3.0;2.0;3.0;5.0;4.0;5.0;5.0;1.0;3.0;1.0;4.0;3.0;5.0;18.0;1;4
282;5.0;2.0;3.0;2.0;5.0;5.0;2.0;3.0;4.0;5.0;3.0;4.0;5.0;2.0;3.0;1.0;4.0;4.0;3.0;3.0;4.0;4.0;3.0;20.0;0;2
283;5.0;5.0;2.0;3.0;5.0;5.0;4.0;2.0;3.0;3.0;3.0;4.0;4.0;5.0;2.0;4.0;4.0;4.0;2.0;4.0;3.0;3.0;3.0;16.0;1;3
284;5.0;1.0;3.0;3.0;4.0;5.0;5.0;2.0;3.0;5.0;5.0;1.0;5.0;2.0;5.0;3.0;3.0;5.0;1.0;5.0;3.0;2.0;2.0;18.0;1;1
285;5.0;1.0;1.0;1.0;3.0;5.0;4.0;2.0;2.0;3.0;5.0;1.0;2.0;4.0;3.0;1.0;3.0;3.0;1.0;4.0;3.0;5.0;2.0;20.0;0;5
286;5.0;2.0;3.0;3.0;5.0;5.0;5.0;3.0;2.0;4.0;3.0;2.0;1.0;2.0;2.0;2.0;3.0;2.0;1.0;1.0;4.0;2.0;3.0;18.0;1;3
287;5.0;5.0;5.0;2.0;4.0;4.0;3.0;3.0;4.0;4.0;5.0;2.0;5.0;3.0;3.0;3.0;4.0;3.0;2.0;5.0;2.0;5.0;2.0;19.0;0;2
288;5.0;2.0;3.0;3.0;5.0;5.0;5.0;4.0;5.0;3.0;4.0;2.0;4.0;4.0;4.0;1.0;3.0;1.0;1.0;3.0;3.0;1.0;2.0;19.0;1;3
289;5.0;5.0;4.0;3.0;5.0;5.0;3.0;3.0;3.0;4.0;5.0;1.0;3.0;3.0;1.0;5.0;4.0;1.0;3.0;2.0;5.0;4.0;3.0;20.0;1;1
290;5.0;2.0;4.0;3.0;5.0;5.0;5.0;4.0;5.0;3.0;3.0;3.0;1.0;5.0;4.0;1.0;5.0;1.0;1.0;5.0;1.0;1.0;3.0;18.0;0;5
291;5.0;4.0;2.0;2.0;5.0;4.0;4.0;2.0;4.0;5.0;3.0;1.0;3.0;2.0;2.0;1.0;3.0;1.0;1.0;3.0;5.0;3.0;2.0;17.0;1;3
292;5.0;3.0;2.0;3.0;5.0;5.0;3.0;4.0;2.0;4.0;4.0;1.0;4.0;3.0;2.0;1.0;5.0;1.0;1.0;4.0;4.0;3.0;5.0;22.0;1;1
293;5.0;5.0;1.0;5.0;5.0;5.0;3.0;3.0;5.0;2.0;2.0;5.0;2.0;3.0;2.0;4.0;3.0;3.0;4.0;5.0;3.0;4.0;3.0;17.0;0;5
294;4.0;2.0;3.0;1.0;5.0;5.0;5.0;1.0;2.0;5.0;3.0;2.0;3.0;3.0;2.0;5.0;3.0;1.0;4.0;3.0;1.0;3.0;4.0;22.0;1;4
295;5.0;3.0;2.0;3.0;4.0;5.0;5.0;3.0;2.0;5.0;3.0;3.0;5.0;3.0;3.0;5.0;3.0;5.0;4.0;5.0;2.0;3.0;3.0;16.0;1;4
296;5.0;2.0;2.0;4.0;5.0;5.0;2.0;1.0;5.0;3.0;4.0;1.0;4.0;4.0;3.0;5.0;5.0;1.0;1.0;2.0;2.0;3.0;4.0;24.0;1;4
297;5.0;4.0;4.0;4.0;5.0;5.0;3.0;4.0;5.0;3.0;4.0;2.0;5.0;2.0;2.0;2.0;2.0;4.0;2.0;5.0;2.0;5.0;5.0;17.0;0;2
298;5.0;3.0;3.0;3.0;5.0;5.0;3.0;4.0;1.0;3.0;5.0;1.0;1.0;1.0;3.0;1.0;3.0;1.0;1.0;1.0;3.0;5.0;1.0;17.0;0;5
299;5.0;5.0;2.0;2.0;5.0;5.0;1.0;2.0;5.0;5.0;5.0;3.0;3.0;3.0;4.0;1.0;1.0;1.0;1.0;5.0;4.0;5.0;2.0;17.0;0;5
300;5.0;1.0;3.0;3.0;5.0;5.0;5.0;1.0;3.0;5.0;5.0;1.0;5.0;2.0;5.0;3.0;3.0;5.0;1.0;5.0;3.0;2.0;2.0;18.0;1;1
301;5.0;3.0;3.0;2.0;4.0;4.0;4.0;4.0;5.0;3.0;5.0;1.0;5.0;3.0;4.0;5.0;4.0;2.0;5.0;1.0;2.0;4.0;2.0;18.0;1;3
302;5.0;5.0;1.0;1.0;5.0;5.0;1.0;4.0;5.0;1.0;4.0;5.0;3.0;3.0;2.0;1.0;3.0;3.0;4.0;5.0;4.0;5.0;1.0;16.0;0;5
303;5.0;4.0;4.0;3.0;3.0;5.0;3.0;5.0;2.0;4.0;3.0;2.0;2.0;3.0;2.0;2.0;3.0;2.0;1.0;3.0;2.0;2.0;3.0;20.0;1;3
304;5.0;1.0;2.0;2.0;4.0;4.0;3.0;1.0;2.0;5.0;4.0;1.0;2.0;3.0;1.0;5.0;4.0;2.0;1.0;4.0;2.0;3.0;3.0;29.0;1;3
305;5.0;2.0;1.0;1.0;4.0;5.0;4.0;1.0;1.0;5.0;1.0;1.0;1.0;1.0;4.0;1.0;3.0;3.0;1.0;2.0;5.0;1.0;1.0;24.0;1;1
306;4.0;2.0;3.0;2.0;4.0;5.0;3.0;5.0;4.0;2.0;1.0;1.0;3.0;3.0;1.0;4.0;5.0;1.0;1.0;2.0;3.0;2.0;2.0;18.0;1;3
307;5.0;5.0;5.0;1.0;5.0;5.0;3.0;4.0;3.0;2.0;3.0;2.0;5.0;5.0;2.0;3.0;1.0;1.0;1.0;3.0;2.0;2.0;1.0;17.0;0;5
308;5.0;1.0;2.0;5.0;5.0;5.0;2.0;3.0;1.0;5.0;5.0;3.0;3.0;2.0;1.0;4.0;2.0;5.0;1.0;5.0;1.0;4.0;5.0;16.0;0;5
309;5.0;3.0;2.0;3.0;5.0;5.0;5.0;2.0;1.0;5.0;3.0;1.0;3.0;2.0;2.0;2.0;4.0;1.0;1.0;5.0;3.0;1.0;3.0;17.0;1;1
310;2.0;2.0;3.0;1.0;5.0;4.0;2.0;5.0;3.0;2.0;2.0;3.0;2.0;2.0;1.0;1.0;1.0;1.0;1.0;3.0;1.0;5.0;1.0;20.0;0;5
311;5.0;1.0;4.0;4.0;5.0;5.0;5.0;2.0;3.0;5.0;4.0;2.0;3.0;3.0;2.0;4.0;5.0;4.0;1.0;5.0;4.0;3.0;3.0;16.0;1;4
312;5.0;1.0;1.0;1.0;5.0;5.0;3.0;3.0;5.0;3.0;5.0;5.0;1.0;1.0;1.0;1.0;3.0;1.0;1.0;1.0;1.0;2.0;1.0;19.0;0;5
313;5.0;4.0;2.0;2.0;5.0;5.0;4.0;2.0;2.0;2.0;3.0;2.0;4.0;4.0;4.0;5.0;5.0;4.0;3.0;3.0;2.0;2.0;5.0;18.0;1;4
314;5.0;3.0;2.0;2.0;5.0;4.0;5.0;3.0;4.0;5.0;3.0;2.0;3.0;4.0;4.0;5.0;4.0;5.0;4.0;4.0;4.0;4.0;5.0;20.0;1;4
315;4.0;4.0;4.0;3.0;4.0;5.0;2.0;5.0;3.0;4.0;4.0;4.0;5.0;2.0;4.0;2.0;4.0;1.0;1.0;3.0;3.0;5.0;2.0;18.0;0;2
316;5.0;5.0;2.0;2.0;4.0;5.0;4.0;4.0;4.0;5.0;4.0;2.0;1.0;3.0;1.0;1.0;3.0;3.0;1.0;5.0;1.0;2.0;3.0;21.0;0;5
317;4.0;3.0;3.0;3.0;5.0;5.0;3.0;3.0;5.0;3.0;4.0;3.0;5.0;2.0;2.0;2.0;3.0;2.0;1.0;4.0;3.0;2.0;2.0;19.0;0;2
318;5.0;4.0;4.0;2.0;5.0;5.0;5.0;3.0;3.0;5.0;5.0;3.0;5.0;2.0;2.0;5.0;5.0;1.0;1.0;5.0;3.0;2.0;3.0;20.0;1;4
319;5.0;3.0;4.0;5.0;5.0;5.0;4.0;3.0;1.0;5.0;2.0;1.0;4.0;5.0;1.0;4.0;5.0;5.0;4.0;5.0;1.0;3.0;5.0;19.0;1;4
320;5.0;2.0;4.0;1.0;5.0;2.0;3.0;4.0;3.0;2.0;4.0;3.0;5.0;4.0;1.0;5.0;5.0;5.0;2.0;4.0;2.0;4.0;5.0;19.0;1;4
321;2.0;3.0;3.0;2.0;5.0;3.0;2.0;1.0;4.0;1.0;4.0;4.0;3.0;3.0;2.0;1.0;3.0;1.0;1.0;5.0;3.0;3.0;2.0;20.0;0;5
322;5.0;1.0;2.0;5.0;5.0;5.0;4.0;5.0;5.0;3.0;5.0;2.0;5.0;1.0;2.0;3.0;4.0;1.0;1.0;5.0;1.0;4.0;3.0;20.0;0;5
323;5.0;3.0;2.0;1.0;4.0;3.0;3.0;3.0;5.0;5.0;4.0;5.0;4.0;3.0;4.0;3.0;2.0;2.0;1.0;5.0;3.0;3.0;2.0;17.0;0;5
324;5.0;4.0;3.0;3.0;5.0;5.0;3.0;1.0;3.0;5.0;5.0;2.0;4.0;4.0;2.0;5.0;5.0;2.0;1.0;3.0;1.0;3.0;3.0;19.0;1;4
325;5.0;2.0;2.0;5.0;5.0;5.0;5.0;3.0;2.0;5.0;3.0;3.0;2.0;5.0;1.0;5.0;3.0;5.0;3.0;5.0;1.0;3.0;3.0;19.0;1;4
326;4.0;1.0;4.0;2.0;4.0;4.0;3.0;5.0;4.0;3.0;5.0;1.0;3.0;3.0;3.0;1.0;4.0;1.0;1.0;1.0;1.0;5.0;1.0;20.0;0;5
327;5.0;3.0;3.0;2.0;5.0;5.0;5.0;2.0;4.0;5.0;3.0;2.0;2.0;2.0;1.0;2.0;3.0;1.0;1.0;4.0;3.0;4.0;3.0;21.0;1;1
328;5.0;5.0;2.0;2.0;5.0;5.0;5.0;2.0;1.0;5.0;3.0;1.0;2.0;1.0;1.0;4.0;3.0;1.0;1.0;5.0;2.0;2.0;4.0;20.0;1;1
329;5.0;5.0;1.0;1.0;5.0;5.0;5.0;1.0;1.0;5.0;5.0;1.0;2.0;1.0;1.0;1.0;3.0;1.0;1.0;5.0;3.0;2.0;2.0;20.0;1;1
330;5.0;1.0;3.0;4.0;5.0;5.0;3.0;1.0;3.0;4.0;4.0;1.0;3.0;5.0;4.0;5.0;5.0;4.0;3.0;3.0;1.0;3.0;4.0;17.0;1;4
331;5.0;3.0;3.0;4.0;5.0;5.0;3.0;4.0;4.0;5.0;4.0;3.0;3.0;5.0;4.0;2.0;3.0;5.0;1.0;5.0;2.0;5.0;4.0;25.0;0;2
332;5.0;4.0;2.0;2.0;5.0;4.0;3.0;2.0;1.0;5.0;2.0;1.0;3.0;4.0;1.0;2.0;4.0;5.0;1.0;3.0;4.0;3.0;2.0;20.0;1;1
333;5.0;1.0;1.0;3.0;5.0;4.0;3.0;4.0;3.0;5.0;4.0;2.0;5.0;5.0;3.0;5.0;4.0;1.0;1.0;1.0;1.0;3.0;5.0;21.0;1;4
334;5.0;4.0;2.0;1.0;5.0;5.0;5.0;2.0;4.0;5.0;4.0;2.0;4.0;2.0;2.0;2.0;4.0;1.0;2.0;5.0;5.0;2.0;2.0;21.0;1;1
335;5.0;3.0;3.0;3.0;5.0;5.0;4.0;2.0;1.0;4.0;5.0;1.0;1.0;2.0;2.0;1.0;3.0;2.0;1.0;4.0;1.0;5.0;3.0;22.0;0;2
336;5.0;4.0;4.0;4.0;2.0;3.0;3.0;1.0;1.0;4.0;2.0;1.0;2.0;5.0;1.0;5.0;5.0;1.0;1.0;1.0;1.0;2.0;4.0;19.0;1;1
337;5.0;4.0;5.0;5.0;5.0;5.0;5.0;5.0;4.0;5.0;4.0;4.0;3.0;1.0;1.0;4.0;4.0;3.0;1.0;3.0;3.0;5.0;4.0;25.0;0;2
338;5.0;5.0;4.0;2.0;4.0;5.0;3.0;5.0;2.0;2.0;4.0;2.0;2.0;4.0;3.0;3.0;4.0;3.0;5.0;3.0;1.0;4.0;2.0;19.0;1;3
339;5.0;5.0;5.0;3.0;5.0;5.0;5.0;1.0;1.0;5.0;3.0;1.0;2.0;4.0;3.0;4.0;5.0;2.0;1.0;3.0;5.0;3.0;3.0;25.0;1;1
340;5.0;4.0;5.0;5.0;5.0;4.0;4.0;2.0;5.0;5.0;4.0;1.0;3.0;5.0;3.0;3.0;5.0;5.0;5.0;4.0;1.0;3.0;3.0;25.0;1;4
341;5.0;2.0;2.0;4.0;5.0;4.0;4.0;3.0;3.0;4.0;4.0;2.0;2.0;5.0;1.0;3.0;5.0;4.0;4.0;5.0;2.0;2.0;2.0;21.0;1;4
342;4.0;2.0;2.0;3.0;5.0;4.0;3.0;3.0;2.0;5.0;5.0;4.0;5.0;3.0;4.0;4.0;5.0;2.0;2.0;3.0;2.0;3.0;3.0;20.0;0;2
343;4.0;3.0;3.0;3.0;4.0;4.0;4.0;3.0;3.0;4.0;3.0;2.0;4.0;2.0;1.0;4.0;3.0;1.0;1.0;4.0;2.0;1.0;4.0;24.0;1;3
344;5.0;5.0;3.0;1.0;5.0;4.0;4.0;2.0;3.0;5.0;3.0;3.0;3.0;3.0;2.0;1.0;2.0;1.0;1.0;1.0;3.0;2.0;4.0;30.0;1;3
345;5.0;2.0;1.0;1.0;5.0;3.0;1.0;5.0;5.0;2.0;3.0;4.0;5.0;2.0;3.0;1.0;2.0;1.0;1.0;5.0;1.0;3.0;1.0;21.0;0;5
346;5.0;1.0;2.0;2.0;4.0;4.0;3.0;1.0;2.0;4.0;3.0;1.0;1.0;4.0;2.0;1.0;2.0;4.0;2.0;3.0;5.0;3.0;4.0;27.0;0;3
347;5.0;3.0;2.0;2.0;5.0;3.0;2.0;5.0;5.0;3.0;3.0;3.0;4.0;1.0;1.0;3.0;5.0;1.0;1.0;5.0;1.0;5.0;1.0;21.0;0;5
348;5.0;2.0;3.0;4.0;2.0;4.0;4.0;4.0;1.0;3.0;2.0;2.0;2.0;3.0;1.0;2.0;4.0;5.0;1.0;1.0;2.0;3.0;4.0;16.0;1;3
349;5.0;5.0;5.0;3.0;5.0;5.0;5.0;3.0;2.0;3.0;5.0;3.0;3.0;4.0;3.0;5.0;5.0;1.0;3.0;4.0;4.0;5.0;3.0;20.0;1;4
350;5.0;2.0;4.0;3.0;5.0;5.0;4.0;4.0;2.0;2.0;1.0;1.0;5.0;5.0;3.0;5.0;4.0;5.0;2.0;2.0;2.0;4.0;5.0;22.0;1;4
351;5.0;3.0;3.0;2.0;5.0;4.0;2.0;4.0;4.0;4.0;4.0;2.0;5.0;2.0;3.0;5.0;3.0;1.0;1.0;1.0;1.0;5.0;2.0;19.0;0;2
352;5.0;1.0;1.0;1.0;4.0;5.0;2.0;1.0;3.0;3.0;1.0;1.0;2.0;4.0;2.0;4.0;3.0;1.0;1.0;1.0;1.0;2.0;5.0;20.0;1;1
353;5.0;1.0;1.0;1.0;5.0;5.0;2.0;1.0;5.0;5.0;5.0;1.0;5.0;1.0;3.0;1.0;1.0;1.0;1.0;3.0;3.0;4.0;1.0;25.0;0;5
354;2.0;2.0;4.0;2.0;4.0;5.0;3.0;4.0;2.0;5.0;5.0;3.0;2.0;4.0;1.0;3.0;3.0;1.0;2.0;3.0;2.0;1.0;3.0;23.0;0;2
355;5.0;3.0;2.0;2.0;5.0;5.0;5.0;5.0;1.0;5.0;5.0;1.0;2.0;2.0;1.0;1.0;5.0;5.0;1.0;3.0;1.0;3.0;3.0;20.0;1;1
356;4.0;4.0;2.0;4.0;4.0;4.0;4.0;1.0;3.0;5.0;4.0;3.0;5.0;4.0;5.0;4.0;5.0;2.0;3.0;3.0;2.0;2.0;3.0;20.0;1;4
357;5.0;3.0;3.0;4.0;5.0;5.0;5.0;5.0;1.0;5.0;3.0;1.0;1.0;1.0;1.0;5.0;5.0;5.0;1.0;1.0;1.0;1.0;3.0;21.0;1;1
358;5.0;3.0;3.0;5.0;5.0;5.0;3.0;2.0;4.0;5.0;4.0;2.0;4.0;4.0;4.0;4.0;5.0;1.0;3.0;3.0;3.0;3.0;5.0;19.0;1;4
359;5.0;1.0;1.0;4.0;4.0;5.0;5.0;2.0;3.0;5.0;5.0;1.0;3.0;3.0;2.0;3.0;4.0;5.0;1.0;1.0;1.0;4.0;5.0;21.0;1;1
360;5.0;4.0;2.0;3.0;5.0;5.0;5.0;3.0;2.0;2.0;1.0;5.0;1.0;2.0;1.0;3.0;3.0;2.0;2.0;5.0;5.0;3.0;1.0;16.0;1;1
361;5.0;4.0;1.0;1.0;5.0;5.0;1.0;5.0;5.0;5.0;5.0;5.0;3.0;1.0;1.0;1.0;1.0;5.0;1.0;5.0;1.0;5.0;1.0;20.0;0;5
362;5.0;4.0;2.0;4.0;5.0;4.0;5.0;2.0;3.0;5.0;2.0;1.0;5.0;4.0;5.0;3.0;5.0;5.0;1.0;5.0;2.0;2.0;4.0;18.0;1;4
363;5.0;1.0;1.0;1.0;2.0;5.0;3.0;1.0;1.0;1.0;1.0;1.0;4.0;4.0;3.0;5.0;3.0;1.0;1.0;2.0;1.0;1.0;3.0;21.0;1;1
364;5.0;2.0;2.0;2.0;5.0;4.0;2.0;3.0;5.0;3.0;4.0;2.0;4.0;2.0;2.0;2.0;2.0;1.0;1.0;4.0;3.0;4.0;2.0;21.0;0;5
365;5.0;3.0;2.0;3.0;5.0;4.0;4.0;3.0;2.0;4.0;4.0;1.0;4.0;5.0;3.0;5.0;5.0;1.0;5.0;1.0;1.0;5.0;4.0;18.0;0;2
366;5.0;4.0;2.0;1.0;5.0;5.0;4.0;1.0;3.0;5.0;4.0;1.0;1.0;5.0;1.0;5.0;5.0;1.0;1.0;1.0;5.0;1.0;4.0;19.0;1;1
367;5.0;1.0;5.0;1.0;5.0;3.0;1.0;3.0;4.0;1.0;3.0;2.0;4.0;4.0;4.0;2.0;2.0;1.0;1.0;4.0;1.0;4.0;3.0;18.0;0;5
368;5.0;1.0;2.0;1.0;5.0;5.0;4.0;3.0;1.0;3.0;3.0;1.0;1.0;2.0;2.0;5.0;5.0;1.0;1.0;3.0;3.0;3.0;5.0;18.0;1;1
369;5.0;3.0;3.0;4.0;3.0;2.0;2.0;2.0;5.0;4.0;5.0;2.0;3.0;5.0;2.0;3.0;2.0;2.0;2.0;1.0;1.0;5.0;4.0;23.0;1;2
370;5.0;1.0;3.0;2.0;5.0;5.0;1.0;2.0;3.0;5.0;5.0;1.0;5.0;3.0;5.0;5.0;3.0;1.0;1.0;1.0;2.0;2.0;4.0;20.0;1;1
371;5.0;2.0;2.0;5.0;5.0;5.0;5.0;5.0;5.0;5.0;5.0;2.0;5.0;3.0;3.0;5.0;3.0;1.0;5.0;2.0;4.0;4.0;5.0;18.0;1;4
372;5.0;4.0;2.0;1.0;5.0;5.0;5.0;5.0;5.0;5.0;5.0;3.0;4.0;4.0;2.0;2.0;4.0;2.0;2.0;5.0;5.0;5.0;5.0;28.0;1;4
373;5.0;1.0;3.0;3.0;4.0;4.0;1.0;1.0;1.0;4.0;4.0;1.0;2.0;4.0;2.0;4.0;5.0;1.0;2.0;1.0;3.0;5.0;3.0;24.0;1;3
374;5.0;3.0;4.0;3.0;5.0;5.0;5.0;5.0;5.0;5.0;5.0;1.0;3.0;4.0;2.0;5.0;5.0;1.0;1.0;5.0;5.0;3.0;5.0;21.0;1;4
375;5.0;1.0;3.0;4.0;4.0;4.0;2.0;3.0;3.0;4.0;4.0;1.0;1.0;2.0;2.0;2.0;2.0;1.0;1.0;1.0;1.0;1.0;4.0;22.0;1;3
376;5.0;2.0;3.0;5.0;5.0;4.0;3.0;4.0;2.0;5.0;5.0;1.0;3.0;4.0;1.0;5.0;4.0;1.0;5.0;1.0;1.0;4.0;5.0;19.0;0;2
377;5.0;3.0;2.0;2.0;5.0;4.0;5.0;3.0;1.0;5.0;3.0;1.0;2.0;3.0;3.0;5.0;3.0;5.0;2.0;3.0;5.0;2.0;4.0;18.0;1;1
378;5.0;2.0;4.0;3.0;5.0;5.0;4.0;4.0;3.0;4.0;5.0;2.0;4.0;3.0;2.0;5.0;5.0;2.0;1.0;5.0;1.0;3.0;3.0;19.0;1;4
379;4.0;3.0;3.0;3.0;5.0;5.0;3.0;3.0;2.0;4.0;4.0;3.0;2.0;1.0;2.0;2.0;4.0;1.0;1.0;1.0;2.0;5.0;4.0;19.0;0;2
380;5.0;3.0;3.0;3.0;4.0;4.0;2.0;3.0;3.0;2.0;4.0;4.0;5.0;5.0;4.0;4.0;5.0;5.0;1.0;3.0;1.0;5.0;3.0;20.0;0;2
381;5.0;2.0;2.0;2.0;5.0;4.0;3.0;3.0;2.0;2.0;5.0;1.0;3.0;2.0;4.0;3.0;4.0;1.0;1.0;1.0;3.0;4.0;2.0;19.0;1;3
382;5.0;4.0;3.0;3.0;5.0;4.0;1.0;4.0;3.0;2.0;5.0;4.0;5.0;3.0;2.0;3.0;4.0;1.0;1.0;5.0;2.0;4.0;3.0;18.0;0;2
383;5.0;2.0;1.0;1.0;4.0;4.0;3.0;2.0;2.0;3.0;2.0;1.0;2.0;2.0;1.0;1.0;4.0;1.0;1.0;2.0;3.0;2.0;4.0;18.0;1;3
384;4.0;2.0;3.0;2.0;4.0;5.0;4.0;4.0;3.0;4.0;2.0;2.0;2.0;2.0;1.0;2.0;2.0;1.0;1.0;4.0;2.0;4.0;2.0;19.0;0;3
385;5.0;4.0;3.0;1.0;5.0;4.0;5.0;2.0;2.0;5.0;4.0;1.0;1.0;5.0;2.0;5.0;4.0;1.0;4.0;1.0;4.0;5.0;2.0;18.0;1;1
386;5.0;4.0;2.0;2.0;5.0;5.0;3.0;3.0;4.0;2.0;3.0;2.0;4.0;3.0;2.0;2.0;5.0;1.0;1.0;5.0;3.0;1.0;1.0;19.0;0;5
387;5.0;3.0;3.0;3.0;5.0;5.0;4.0;2.0;3.0;3.0;3.0;2.0;4.0;4.0;3.0;3.0;4.0;2.0;1.0;3.0;4.0;3.0;3.0;19.0;1;3
388;5.0;3.0;4.0;4.0;5.0;5.0;4.0;3.0;3.0;5.0;4.0;3.0;2.0;2.0;3.0;2.0;3.0;5.0;2.0;4.0;4.0;4.0;4.0;18.0;1;4
389;4.0;3.0;3.0;3.0;4.0;4.0;2.0;5.0;4.0;3.0;2.0;1.0;5.0;5.0;5.0;5.0;5.0;1.0;1.0;1.0;1.0;2.0;3.0;18.0;1;3
390;5.0;2.0;5.0;4.0;5.0;4.0;2.0;3.0;3.0;2.0;3.0;2.0;3.0;5.0;4.0;3.0;4.0;1.0;2.0;4.0;1.0;3.0;3.0;19.0;1;3
391;5.0;4.0;2.0;3.0;5.0;5.0;5.0;3.0;1.0;5.0;3.0;1.0;4.0;2.0;3.0;4.0;4.0;1.0;1.0;5.0;5.0;3.0;2.0;20.0;1;1
392;4.0;4.0;2.0;1.0;5.0;5.0;1.0;3.0;3.0;1.0;3.0;1.0;1.0;4.0;2.0;1.0;3.0;3.0;1.0;3.0;1.0;2.0;1.0;19.0;0;5
393;3.0;1.0;1.0;1.0;4.0;4.0;4.0;1.0;1.0;3.0;5.0;1.0;5.0;4.0;5.0;5.0;5.0;4.0;5.0;1.0;1.0;3.0;5.0;26.0;1;1
394;5.0;4.0;1.0;2.0;5.0;5.0;4.0;3.0;3.0;4.0;3.0;2.0;3.0;3.0;3.0;4.0;5.0;1.0;1.0;1.0;3.0;3.0;4.0;19.0;1;4
395;5.0;2.0;3.0;3.0;5.0;5.0;4.0;2.0;1.0;5.0;4.0;1.0;2.0;2.0;1.0;5.0;3.0;1.0;1.0;1.0;2.0;3.0;5.0;19.0;1;1
396;5.0;2.0;2.0;1.0;5.0;5.0;3.0;5.0;3.0;5.0;5.0;1.0;3.0;1.0;2.0;5.0;2.0;1.0;1.0;4.0;5.0;5.0;1.0;22.0;0;5
397;5.0;3.0;2.0;3.0;4.0;4.0;4.0;2.0;4.0;3.0;5.0;3.0;3.0;3.0;2.0;1.0;3.0;1.0;1.0;5.0;1.0;4.0;4.0;20.0;0;5
398;5.0;3.0;3.0;2.0;5.0;5.0;5.0;1.0;1.0;5.0;3.0;1.0;1.0;3.0;2.0;4.0;5.0;1.0;1.0;5.0;3.0;3.0;4.0;28.0;1;1
399;5.0;2.0;3.0;3.0;5.0;5.0;4.0;2.0;1.0;5.0;4.0;1.0;2.0;2.0;1.0;5.0;3.0;1.0;1.0;1.0;2.0;3.0;5.0;19.0;1;1
400;4.0;3.0;5.0;4.0;5.0;5.0;4.0;2.0;2.0;5.0;4.0;1.0;3.0;4.0;3.0;3.0;5.0;5.0;1.0;1.0;5.0;2.0;2.0;21.0;1;1
401;5.0;3.0;3.0;2.0;5.0;5.0;5.0;1.0;1.0;5.0;3.0;1.0;1.0;3.0;2.0;2.0;5.0;3.0;2.0;5.0;4.0;2.0;3.0;19.0;1;1
402;5.0;5.0;5.0;1.0;5.0;5.0;1.0;2.0;2.0;1.0;4.0;2.0;5.0;3.0;5.0;2.0;2.0;1.0;1.0;5.0;1.0;4.0;2.0;22.0;0;5
403;5.0;2.0;2.0;2.0;5.0;5.0;3.0;5.0;5.0;2.0;4.0;2.0;3.0;5.0;3.0;1.0;3.0;2.0;2.0;3.0;1.0;4.0;1.0;19.0;0;5
404;5.0;5.0;1.0;1.0;1.0;5.0;5.0;5.0;1.0;5.0;5.0;1.0;5.0;5.0;1.0;5.0;5.0;5.0;1.0;1.0;1.0;1.0;5.0;18.0;1;1
405;4.0;1.0;4.0;3.0;5.0;5.0;4.0;1.0;2.0;5.0;4.0;2.0;2.0;2.0;1.0;3.0;5.0;4.0;1.0;1.0;1.0;3.0;5.0;19.0;1;4
406;5.0;5.0;5.0;1.0;5.0;5.0;2.0;2.0;3.0;3.0;5.0;3.0;4.0;1.0;5.0;3.0;5.0;1.0;1.0;5.0;1.0;3.0;1.0;22.0;0;5
407;5.0;1.0;3.0;3.0;4.0;5.0;3.0;2.0;3.0;3.0;4.0;3.0;3.0;3.0;4.0;3.0;4.0;2.0;3.0;3.0;3.0;4.0;4.0;29.0;0;2
408;5.0;3.0;3.0;1.0;5.0;4.0;5.0;1.0;1.0;4.0;2.0;1.0;1.0;3.0;1.0;3.0;4.0;1.0;1.0;1.0;1.0;1.0;3.0;18.0;1;1
409;5.0;2.0;3.0;2.0;3.0;4.0;5.0;1.0;3.0;3.0;2.0;2.0;2.0;3.0;1.0;1.0;5.0;1.0;1.0;1.0;3.0;3.0;2.0;22.0;1;3
410;5.0;2.0;4.0;4.0;5.0;5.0;3.0;3.0;4.0;3.0;4.0;4.0;5.0;2.0;3.0;5.0;5.0;1.0;1.0;3.0;2.0;4.0;4.0;17.0;1;4
411;4.0;4.0;2.0;1.0;5.0;5.0;4.0;2.0;1.0;3.0;2.0;1.0;1.0;2.0;3.0;1.0;3.0;1.0;1.0;2.0;2.0;1.0;2.0;20.0;1;1
412;5.0;4.0;4.0;2.0;5.0;5.0;3.0;4.0;3.0;5.0;3.0;3.0;3.0;2.0;2.0;2.0;4.0;1.0;1.0;3.0;3.0;5.0;2.0;22.0;0;2
413;4.0;3.0;3.0;2.0;4.0;5.0;5.0;2.0;1.0;3.0;2.0;1.0;4.0;3.0;2.0;3.0;3.0;3.0;1.0;1.0;3.0;2.0;5.0;19.0;1;3
414;5.0;2.0;5.0;3.0;5.0;5.0;3.0;5.0;4.0;4.0;4.0;3.0;3.0;3.0;2.0;2.0;2.0;1.0;1.0;5.0;1.0;5.0;1.0;20.0;0;5
415;3.0;1.0;1.0;1.0;3.0;5.0;2.0;2.0;2.0;1.0;4.0;2.0;2.0;1.0;1.0;1.0;1.0;1.0;3.0;2.0;1.0;2.0;1.0;25.0;0;5
416;5.0;1.0;1.0;1.0;5.0;4.0;3.0;1.0;1.0;4.0;5.0;1.0;5.0;3.0;2.0;5.0;3.0;4.0;3.0;1.0;1.0;1.0;2.0;29.0;0;2
417;5.0;3.0;4.0;3.0;4.0;5.0;5.0;2.0;3.0;5.0;3.0;1.0;4.0;5.0;3.0;5.0;3.0;5.0;3.0;3.0;4.0;2.0;3.0;18.0;1;4
418;5.0;3.0;3.0;5.0;5.0;5.0;4.0;1.0;1.0;3.0;4.0;1.0;3.0;3.0;1.0;5.0;3.0;1.0;4.0;3.0;2.0;3.0;2.0;20.0;1;1
419;5.0;2.0;2.0;2.0;5.0;3.0;1.0;4.0;4.0;1.0;2.0;2.0;2.0;2.0;2.0;5.0;5.0;3.0;5.0;1.0;2.0;3.0;5.0;30.0;0;4
420;5.0;3.0;3.0;4.0;5.0;5.0;3.0;3.0;2.0;4.0;3.0;2.0;2.0;3.0;3.0;3.0;4.0;4.0;1.0;2.0;2.0;4.0;3.0;20.0;1;3
421;5.0;4.0;3.0;4.0;5.0;5.0;5.0;5.0;2.0;5.0;5.0;3.0;3.0;2.0;3.0;4.0;5.0;3.0;1.0;3.0;2.0;4.0;5.0;21.0;1;4
422;3.0;4.0;4.0;3.0;5.0;5.0;4.0;4.0;2.0;2.0;3.0;1.0;4.0;2.0;4.0;3.0;1.0;1.0;2.0;3.0;2.0;3.0;2.0;22.0;0;2
423;5.0;3.0;2.0;4.0;5.0;5.0;5.0;2.0;1.0;5.0;3.0;1.0;3.0;4.0;1.0;3.0;4.0;2.0;2.0;2.0;3.0;5.0;1.0;20.0;1;1
424;5.0;1.0;3.0;5.0;5.0;5.0;3.0;3.0;3.0;1.0;3.0;1.0;1.0;1.0;1.0;1.0;5.0;1.0;1.0;1.0;4.0;4.0;1.0;19.0;1;1
425;3.0;3.0;2.0;3.0;5.0;5.0;4.0;3.0;3.0;4.0;4.0;2.0;4.0;5.0;4.0;4.0;5.0;1.0;1.0;4.0;5.0;3.0;5.0;28.0;1;4
426;5.0;3.0;3.0;5.0;5.0;4.0;2.0;4.0;4.0;3.0;4.0;4.0;5.0;2.0;5.0;5.0;5.0;4.0;2.0;5.0;1.0;5.0;4.0;22.0;0;2
427;5.0;3.0;5.0;2.0;5.0;5.0;2.0;1.0;5.0;5.0;4.0;1.0;5.0;4.0;5.0;5.0;5.0;1.0;3.0;5.0;3.0;5.0;3.0;20.0;1;4
428;4.0;5.0;1.0;1.0;1.0;5.0;5.0;1.0;1.0;5.0;1.0;1.0;1.0;5.0;1.0;1.0;4.0;1.0;1.0;5.0;4.0;1.0;1.0;16.0;1;1
429;5.0;3.0;2.0;2.0;5.0;5.0;4.0;4.0;2.0;4.0;4.0;1.0;2.0;3.0;2.0;2.0;4.0;3.0;1.0;5.0;3.0;3.0;3.0;19.0;1;1
430;5.0;1.0;2.0;3.0;5.0;3.0;5.0;2.0;5.0;5.0;5.0;2.0;5.0;5.0;2.0;5.0;5.0;4.0;5.0;2.0;4.0;2.0;5.0;20.0;1;4
431;5.0;5.0;2.0;2.0;5.0;4.0;2.0;3.0;4.0;2.0;3.0;2.0;3.0;1.0;3.0;1.0;2.0;1.0;1.0;3.0;2.0;5.0;2.0;21.0;0;5
432;5.0;1.0;4.0;5.0;5.0;5.0;5.0;3.0;3.0;3.0;3.0;1.0;2.0;4.0;2.0;3.0;4.0;1.0;1.0;3.0;3.0;2.0;3.0;19.0;1;1
433;5.0;2.0;2.0;1.0;5.0;4.0;3.0;3.0;2.0;3.0;2.0;1.0;2.0;2.0;2.0;4.0;4.0;3.0;1.0;1.0;4.0;3.0;3.0;20.0;1;3
434;3.0;2.0;2.0;2.0;4.0;4.0;4.0;2.0;2.0;5.0;4.0;2.0;3.0;3.0;4.0;3.0;2.0;2.0;1.0;1.0;2.0;2.0;1.0;25.0;1;3
435;5.0;1.0;3.0;5.0;3.0;5.0;3.0;3.0;3.0;1.0;5.0;2.0;3.0;5.0;3.0;3.0;3.0;5.0;3.0;4.0;1.0;3.0;5.0;20.0;1;4
436;5.0;1.0;3.0;2.0;5.0;4.0;3.0;2.0;4.0;5.0;4.0;2.0;4.0;4.0;3.0;5.0;5.0;4.0;1.0;1.0;1.0;2.0;3.0;19.0;1;4
437;5.0;1.0;2.0;2.0;5.0;5.0;5.0;5.0;5.0;5.0;4.0;1.0;4.0;4.0;3.0;5.0;4.0;5.0;2.0;1.0;3.0;3.0;3.0;19.0;1;4
438;5.0;2.0;2.0;4.0;4.0;3.0;5.0;1.0;5.0;2.0;4.0;1.0;3.0;2.0;2.0;4.0;5.0;5.0;1.0;5.0;2.0;2.0;2.0;21.0;1;3
439;5.0;3.0;3.0;4.0;5.0;4.0;2.0;5.0;5.0;5.0;3.0;5.0;2.0;1.0;4.0;1.0;4.0;3.0;1.0;3.0;1.0;5.0;1.0;22.0;0;2
440;5.0;1.0;1.0;1.0;5.0;5.0;5.0;5.0;3.0;5.0;5.0;4.0;4.0;4.0;1.0;1.0;4.0;5.0;1.0;1.0;3.0;5.0;2.0;28.0;1;1
441;5.0;5.0;2.0;1.0;5.0;5.0;3.0;4.0;5.0;4.0;3.0;1.0;3.0;3.0;3.0;3.0;4.0;3.0;1.0;3.0;5.0;5.0;1.0;21.0;1;1
442;5.0;3.0;3.0;2.0;5.0;5.0;3.0;4.0;3.0;3.0;4.0;5.0;2.0;3.0;2.0;2.0;2.0;1.0;1.0;5.0;3.0;4.0;1.0;20.0;0;5
443;5.0;5.0;1.0;1.0;5.0;5.0;2.0;3.0;3.0;2.0;3.0;2.0;2.0;3.0;3.0;1.0;2.0;1.0;1.0;5.0;1.0;4.0;1.0;19.0;0;5
444;5.0;2.0;5.0;4.0;4.0;3.0;2.0;4.0;1.0;5.0;5.0;3.0;3.0;4.0;2.0;2.0;2.0;5.0;1.0;5.0;2.0;4.0;4.0;21.0;1;4
445;4.0;4.0;3.0;3.0;4.0;5.0;4.0;3.0;1.0;5.0;4.0;3.0;5.0;1.0;1.0;4.0;5.0;5.0;1.0;5.0;1.0;1.0;1.0;16.0;1;1
446;5.0;4.0;4.0;4.0;4.0;4.0;4.0;4.0;4.0;4.0;4.0;4.0;3.0;4.0;2.0;3.0;4.0;1.0;1.0;5.0;1.0;5.0;5.0;22.0;0;2
447;5.0;4.0;4.0;4.0;5.0;5.0;4.0;4.0;2.0;4.0;3.0;3.0;2.0;3.0;1.0;2.0;5.0;2.0;1.0;4.0;1.0;5.0;4.0;19.0;0;2
448;5.0;1.0;1.0;2.0;4.0;5.0;5.0;5.0;1.0;3.0;1.0;1.0;1.0;1.0;5.0;5.0;5.0;5.0;5.0;1.0;5.0;5.0;2.0;22.0;1;1
449;5.0;3.0;2.0;1.0;4.0;5.0;3.0;3.0;3.0;4.0;3.0;2.0;2.0;1.0;4.0;3.0;3.0;1.0;1.0;5.0;3.0;4.0;3.0;20.0;0;5
450;5.0;1.0;2.0;1.0;5.0;5.0;3.0;3.0;5.0;5.0;5.0;4.0;3.0;2.0;1.0;2.0;3.0;5.0;2.0;1.0;3.0;2.0;3.0;22.0;0;2
451;5.0;1.0;2.0;3.0;5.0;5.0;1.0;4.0;4.0;1.0;3.0;5.0;3.0;4.0;3.0;1.0;4.0;2.0;1.0;1.0;3.0;2.0;4.0;19.0;0;5
452;5.0;4.0;3.0;3.0;4.0;5.0;3.0;3.0;2.0;5.0;5.0;1.0;3.0;4.0;3.0;5.0;4.0;1.0;1.0;5.0;3.0;2.0;2.0;18.0;1;1
453;5.0;4.0;4.0;2.0;4.0;4.0;2.0;3.0;5.0;2.0;4.0;2.0;4.0;2.0;2.0;1.0;4.0;1.0;1.0;5.0;1.0;2.0;1.0;19.0;0;5
454;5.0;4.0;4.0;2.0;5.0;5.0;5.0;3.0;2.0;3.0;4.0;2.0;4.0;3.0;3.0;3.0;5.0;1.0;1.0;4.0;3.0;3.0;3.0;23.0;1;4
455;5.0;3.0;3.0;4.0;5.0;5.0;4.0;1.0;1.0;5.0;4.0;1.0;3.0;4.0;1.0;2.0;3.0;5.0;3.0;1.0;4.0;3.0;3.0;20.0;1;1
456;5.0;3.0;3.0;3.0;5.0;5.0;4.0;3.0;3.0;4.0;3.0;2.0;2.0;3.0;4.0;3.0;4.0;1.0;1.0;4.0;2.0;3.0;4.0;18.0;1;3
457;3.0;3.0;3.0;3.0;4.0;5.0;3.0;2.0;2.0;2.0;3.0;2.0;3.0;3.0;3.0;3.0;3.0;3.0;3.0;5.0;2.0;3.0;4.0;28.0;1;3
458;5.0;5.0;5.0;3.0;5.0;5.0;3.0;4.0;4.0;5.0;3.0;2.0;4.0;3.0;3.0;2.0;2.0;4.0;1.0;5.0;2.0;5.0;3.0;21.0;0;5
459;5.0;5.0;1.0;3.0;5.0;5.0;2.0;5.0;3.0;4.0;5.0;1.0;2.0;3.0;2.0;1.0;3.0;1.0;1.0;5.0;1.0;5.0;1.0;20.0;0;5
460;5.0;1.0;1.0;2.0;4.0;3.0;2.0;2.0;3.0;4.0;4.0;2.0;5.0;3.0;5.0;1.0;4.0;1.0;1.0;1.0;2.0;2.0;1.0;20.0;0;5
461;5.0;1.0;1.0;1.0;4.0;5.0;3.0;3.0;1.0;3.0;5.0;1.0;5.0;5.0;2.0;2.0;4.0;2.0;1.0;1.0;2.0;4.0;3.0;28.0;1;1
462;5.0;1.0;2.0;3.0;5.0;4.0;4.0;3.0;4.0;5.0;5.0;2.0;5.0;5.0;5.0;1.0;4.0;1.0;2.0;3.0;1.0;4.0;1.0;22.0;0;2
463;5.0;2.0;4.0;5.0;5.0;5.0;4.0;2.0;2.0;5.0;5.0;1.0;5.0;3.0;3.0;4.0;5.0;2.0;3.0;3.0;3.0;3.0;5.0;19.0;1;4
464;5.0;2.0;2.0;3.0;5.0;4.0;3.0;3.0;3.0;3.0;3.0;1.0;3.0;4.0;2.0;4.0;5.0;2.0;2.0;5.0;1.0;4.0;4.0;21.0;0;2
465;5.0;4.0;4.0;4.0;5.0;5.0;5.0;5.0;1.0;5.0;5.0;5.0;3.0;3.0;2.0;4.0;3.0;2.0;1.0;1.0;2.0;4.0;4.0;21.0;1;4
466;5.0;4.0;3.0;4.0;5.0;5.0;5.0;5.0;5.0;5.0;3.0;2.0;3.0;5.0;4.0;1.0;4.0;3.0;4.0;4.0;3.0;5.0;2.0;17.0;0;2
467;5.0;5.0;3.0;1.0;5.0;5.0;3.0;1.0;3.0;3.0;2.0;1.0;3.0;5.0;3.0;1.0;5.0;3.0;1.0;5.0;5.0;1.0;2.0;19.0;1;1
468;5.0;3.0;3.0;1.0;5.0;3.0;4.0;1.0;4.0;2.0;4.0;2.0;4.0;5.0;5.0;1.0;5.0;4.0;1.0;4.0;1.0;5.0;5.0;25.0;0;2
469;5.0;4.0;2.0;1.0;5.0;5.0;4.0;4.0;3.0;5.0;2.0;1.0;4.0;2.0;2.0;2.0;2.0;1.0;1.0;1.0;3.0;2.0;2.0;20.0;1;1
470;5.0;1.0;1.0;1.0;5.0;2.0;1.0;5.0;5.0;2.0;5.0;4.0;5.0;4.0;5.0;2.0;4.0;5.0;4.0;4.0;3.0;5.0;4.0;26.0;0;2
471;5.0;4.0;4.0;2.0;5.0;4.0;4.0;5.0;5.0;5.0;5.0;1.0;3.0;4.0;3.0;4.0;2.0;5.0;4.0;3.0;3.0;5.0;5.0;21.0;0;2
472;5.0;4.0;3.0;2.0;5.0;5.0;5.0;3.0;2.0;5.0;3.0;2.0;2.0;2.0;2.0;3.0;3.0;1.0;1.0;1.0;3.0;3.0;2.0;20.0;1;1
473;5.0;2.0;2.0;2.0;5.0;1.0;2.0;4.0;4.0;4.0;4.0;1.0;3.0;1.0;2.0;3.0;2.0;1.0;1.0;3.0;1.0;5.0;4.0;21.0;0;5
474;5.0;3.0;3.0;3.0;5.0;5.0;3.0;5.0;5.0;5.0;4.0;5.0;3.0;3.0;1.0;1.0;1.0;1.0;2.0;3.0;2.0;5.0;5.0;20.0;0;2
475;5.0;2.0;5.0;5.0;5.0;5.0;3.0;5.0;5.0;3.0;3.0;2.0;3.0;2.0;3.0;2.0;5.0;5.0;2.0;5.0;1.0;5.0;5.0;27.0;0;2
476;5.0;2.0;2.0;1.0;5.0;5.0;2.0;2.0;4.0;4.0;5.0;3.0;5.0;3.0;5.0;5.0;5.0;5.0;4.0;5.0;1.0;2.0;5.0;21.0;0;2
477;4.0;1.0;2.0;1.0;4.0;4.0;4.0;2.0;3.0;3.0;3.0;2.0;2.0;5.0;2.0;1.0;3.0;1.0;1.0;2.0;3.0;2.0;2.0;20.0;1;3
478;5.0;1.0;3.0;3.0;5.0;4.0;3.0;5.0;3.0;5.0;4.0;2.0;3.0;4.0;4.0;5.0;5.0;5.0;3.0;2.0;2.0;3.0;1.0;17.0;1;4
479;5.0;1.0;1.0;1.0;3.0;5.0;4.0;3.0;4.0;5.0;4.0;1.0;4.0;3.0;1.0;3.0;4.0;5.0;1.0;3.0;4.0;2.0;1.0;16.0;1;1
480;5.0;1.0;4.0;5.0;5.0;5.0;5.0;1.0;5.0;4.0;4.0;1.0;4.0;5.0;5.0;5.0;5.0;5.0;5.0;4.0;5.0;3.0;5.0;19.0;1;4
481;3.0;3.0;1.0;1.0;4.0;5.0;5.0;3.0;2.0;4.0;2.0;3.0;2.0;4.0;4.0;1.0;4.0;4.0;2.0;3.0;1.0;2.0;3.0;18.0;1;3
482;4.0;3.0;1.0;2.0;4.0;4.0;4.0;2.0;3.0;3.0;4.0;2.0;2.0;5.0;3.0;2.0;3.0;3.0;2.0;5.0;3.0;4.0;2.0;19.0;0;3
483;5.0;4.0;5.0;3.0;4.0;5.0;5.0;1.0;2.0;4.0;4.0;2.0;1.0;2.0;1.0;3.0;4.0;1.0;1.0;2.0;5.0;1.0;1.0;21.0;1;1
484;5.0;4.0;1.0;1.0;5.0;4.0;4.0;2.0;2.0;3.0;2.0;1.0;2.0;1.0;1.0;2.0;4.0;1.0;2.0;4.0;3.0;1.0;1.0;16.0;1;1
485;5.0;2.0;4.0;4.0;5.0;5.0;5.0;5.0;2.0;3.0;4.0;3.0;5.0;4.0;1.0;3.0;5.0;3.0;4.0;1.0;1.0;3.0;4.0;20.0;1;4
486;5.0;5.0;3.0;1.0;5.0;5.0;5.0;2.0;1.0;3.0;1.0;1.0;1.0;1.0;1.0;1.0;2.0;1.0;1.0;2.0;4.0;1.0;3.0;20.0;1;1
487;5.0;4.0;4.0;3.0;3.0;5.0;5.0;4.0;3.0;5.0;5.0;4.0;1.0;2.0;3.0;4.0;4.0;5.0;5.0;5.0;2.0;2.0;3.0;16.0;1;4
488;5.0;5.0;3.0;4.0;4.0;5.0;2.0;5.0;5.0;4.0;4.0;3.0;4.0;4.0;4.0;3.0;4.0;3.0;2.0;5.0;2.0;3.0;4.0;20.0;0;2
489;5.0;5.0;1.0;2.0;5.0;5.0;3.0;3.0;4.0;2.0;3.0;3.0;3.0;1.0;2.0;1.0;3.0;3.0;1.0;5.0;3.0;2.0;3.0;18.0;0;5
490;5.0;5.0;3.0;1.0;5.0;5.0;3.0;3.0;5.0;4.0;3.0;3.0;5.0;2.0;1.0;1.0;5.0;1.0;1.0;5.0;4.0;4.0;2.0;20.0;0;5
491;5.0;3.0;3.0;1.0;5.0;5.0;3.0;5.0;5.0;5.0;5.0;1.0;3.0;1.0;5.0;1.0;5.0;1.0;1.0;5.0;1.0;5.0;1.0;20.0;0;5
492;5.0;2.0;2.0;2.0;5.0;5.0;5.0;5.0;3.0;5.0;3.0;2.0;1.0;3.0;1.0;5.0;5.0;1.0;2.0;5.0;5.0;2.0;3.0;16.0;1;4
493;5.0;4.0;3.0;1.0;5.0;5.0;5.0;2.0;4.0;3.0;2.0;3.0;4.0;4.0;2.0;5.0;2.0;5.0;3.0;1.0;2.0;2.0;5.0;19.0;1;4
494;5.0;3.0;1.0;1.0;5.0;5.0;5.0;1.0;1.0;2.0;5.0;1.0;1.0;1.0;1.0;2.0;5.0;2.0;1.0;2.0;5.0;1.0;1.0;23.0;1;1
495;5.0;2.0;3.0;1.0;5.0;5.0;5.0;4.0;3.0;4.0;4.0;2.0;4.0;5.0;4.0;2.0;4.0;5.0;2.0;5.0;2.0;2.0;3.0;20.0;1;4
496;5.0;2.0;1.0;1.0;5.0;5.0;3.0;1.0;5.0;3.0;3.0;1.0;4.0;3.0;2.0;1.0;5.0;2.0;1.0;5.0;3.0;4.0;3.0;23.0;0;5
497;3.0;5.0;3.0;2.0;4.0;3.0;4.0;5.0;2.0;1.0;1.0;1.0;1.0;2.0;1.0;4.0;5.0;2.0;2.0;5.0;1.0;1.0;2.0;19.0;0;2
498;5.0;2.0;2.0;1.0;4.0;5.0;4.0;1.0;1.0;3.0;3.0;1.0;2.0;4.0;2.0;2.0;3.0;3.0;1.0;5.0;1.0;5.0;4.0;22.0;1;1
499;4.0;3.0;1.0;1.0;5.0;5.0;3.0;3.0;4.0;3.0;5.0;1.0;3.0;1.0;1.0;1.0;5.0;1.0;1.0;5.0;2.0;3.0;1.0;17.0;0;5
500;5.0;3.0;2.0;1.0;5.0;5.0;5.0;1.0;1.0;5.0;3.0;1.0;3.0;3.0;2.0;1.0;5.0;1.0;1.0;5.0;3.0;4.0;2.0;20.0;1;1
501;5.0;2.0;2.0;3.0;4.0;5.0;3.0;3.0;3.0;5.0;4.0;3.0;2.0;5.0;2.0;5.0;4.0;3.0;3.0;5.0;2.0;5.0;5.0;21.0;1;4
502;5.0;5.0;5.0;2.0;5.0;5.0;5.0;5.0;5.0;4.0;5.0;5.0;3.0;2.0;2.0;1.0;3.0;1.0;1.0;5.0;2.0;5.0;5.0;21.0;0;5
503;5.0;1.0;1.0;1.0;5.0;4.0;5.0;4.0;2.0;2.0;2.0;1.0;3.0;4.0;4.0;3.0;3.0;4.0;1.0;3.0;2.0;2.0;3.0;19.0;1;3
504;5.0;4.0;3.0;2.0;5.0;5.0;5.0;5.0;2.0;5.0;2.0;2.0;2.0;2.0;1.0;5.0;5.0;2.0;5.0;1.0;4.0;5.0;4.0;20.0;1;4
505;5.0;3.0;2.0;5.0;5.0;5.0;3.0;5.0;2.0;4.0;4.0;1.0;5.0;5.0;2.0;2.0;3.0;2.0;1.0;5.0;4.0;4.0;2.0;19.0;0;2
506;5.0;4.0;5.0;3.0;4.0;5.0;2.0;1.0;1.0;4.0;3.0;1.0;1.0;4.0;2.0;2.0;2.0;1.0;1.0;4.0;3.0;3.0;4.0;22.0;1;1
507;3.0;4.0;4.0;4.0;5.0;3.0;2.0;4.0;4.0;3.0;4.0;2.0;5.0;4.0;4.0;4.0;5.0;1.0;2.0;2.0;1.0;3.0;2.0;22.0;0;2
508;5.0;5.0;3.0;4.0;5.0;5.0;3.0;5.0;2.0;2.0;3.0;1.0;5.0;5.0;5.0;3.0;3.0;3.0;5.0;3.0;1.0;5.0;3.0;22.0;0;2
509;5.0;2.0;3.0;3.0;4.0;5.0;5.0;3.0;3.0;5.0;4.0;1.0;3.0;2.0;2.0;1.0;2.0;1.0;1.0;1.0;2.0;3.0;2.0;28.0;1;1
510;5.0;3.0;2.0;4.0;4.0;5.0;5.0;4.0;5.0;4.0;3.0;1.0;2.0;2.0;2.0;1.0;3.0;3.0;1.0;5.0;3.0;3.0;1.0;21.0;0;5
511;5.0;1.0;3.0;2.0;5.0;2.0;3.0;5.0;4.0;5.0;5.0;2.0;4.0;2.0;5.0;5.0;5.0;5.0;5.0;5.0;3.0;5.0;2.0;21.0;0;2
512;5.0;3.0;4.0;1.0;4.0;3.0;3.0;4.0;5.0;2.0;2.0;3.0;4.0;3.0;1.0;1.0;4.0;2.0;1.0;5.0;2.0;2.0;2.0;17.0;1;3
513;5.0;4.0;1.0;1.0;5.0;5.0;5.0;2.0;2.0;5.0;3.0;1.0;3.0;3.0;2.0;4.0;2.0;3.0;1.0;5.0;3.0;1.0;5.0;21.0;1;1
514;5.0;1.0;2.0;1.0;5.0;5.0;4.0;3.0;5.0;5.0;5.0;1.0;5.0;4.0;3.0;4.0;4.0;4.0;3.0;5.0;1.0;4.0;5.0;17.0;1;4
515;5.0;1.0;4.0;4.0;5.0;4.0;2.0;5.0;4.0;4.0;3.0;2.0;4.0;4.0;3.0;4.0;4.0;1.0;1.0;4.0;1.0;5.0;3.0;28.0;0;2
516;4.0;4.0;2.0;4.0;3.0;5.0;2.0;4.0;2.0;3.0;5.0;2.0;3.0;5.0;4.0;3.0;5.0;2.0;4.0;5.0;2.0;4.0;5.0;20.0;1;4
517;5.0;4.0;2.0;2.0;4.0;5.0;5.0;3.0;3.0;5.0;3.0;1.0;3.0;5.0;5.0;1.0;5.0;1.0;1.0;1.0;4.0;5.0;5.0;19.0;1;1
518;5.0;2.0;4.0;3.0;4.0;5.0;3.0;1.0;3.0;4.0;4.0;1.0;2.0;4.0;1.0;4.0;3.0;3.0;1.0;2.0;1.0;3.0;3.0;21.0;1;1
519;5.0;2.0;2.0;4.0;4.0;2.0;3.0;3.0;3.0;3.0;4.0;1.0;5.0;4.0;2.0;5.0;5.0;5.0;1.0;3.0;1.0;3.0;4.0;23.0;0;2
520;5.0;1.0;4.0;1.0;5.0;5.0;1.0;4.0;5.0;3.0;2.0;1.0;4.0;5.0;1.0;4.0;4.0;1.0;3.0;4.0;1.0;1.0;1.0;17.0;0;5
521;5.0;4.0;4.0;2.0;3.0;4.0;4.0;4.0;3.0;4.0;4.0;2.0;2.0;4.0;1.0;1.0;1.0;1.0;1.0;2.0;1.0;4.0;1.0;20.0;0;5
522;5.0;4.0;2.0;2.0;5.0;5.0;3.0;3.0;3.0;4.0;2.0;2.0;2.0;2.0;2.0;2.0;2.0;2.0;1.0;5.0;2.0;2.0;2.0;19.0;0;5
523;4.0;4.0;3.0;3.0;5.0;5.0;4.0;3.0;1.0;5.0;2.0;3.0;3.0;2.0;1.0;1.0;3.0;2.0;1.0;3.0;3.0;5.0;3.0;19.0;0;2
524;5.0;4.0;4.0;2.0;5.0;5.0;3.0;4.0;5.0;5.0;5.0;3.0;4.0;3.0;3.0;1.0;3.0;2.0;2.0;4.0;3.0;2.0;2.0;19.0;0;2
525;5.0;5.0;5.0;2.0;5.0;4.0;4.0;1.0;4.0;5.0;4.0;2.0;2.0;5.0;3.0;5.0;2.0;1.0;1.0;3.0;5.0;2.0;4.0;18.0;1;3
526;5.0;1.0;1.0;4.0;5.0;3.0;4.0;1.0;2.0;5.0;3.0;1.0;3.0;3.0;1.0;3.0;5.0;5.0;1.0;2.0;1.0;1.0;4.0;19.0;1;1
527;4.0;3.0;1.0;4.0;5.0;5.0;3.0;5.0;4.0;3.0;3.0;2.0;4.0;4.0;3.0;1.0;3.0;1.0;1.0;5.0;2.0;4.0;1.0;22.0;0;5
528;5.0;4.0;4.0;2.0;5.0;5.0;5.0;4.0;1.0;5.0;4.0;2.0;5.0;5.0;1.0;5.0;3.0;2.0;3.0;5.0;3.0;4.0;3.0;21.0;1;4
529;5.0;1.0;3.0;3.0;5.0;5.0;3.0;3.0;1.0;5.0;5.0;5.0;3.0;2.0;2.0;1.0;1.0;5.0;1.0;5.0;2.0;5.0;5.0;21.0;0;5
530;4.0;2.0;1.0;2.0;5.0;5.0;2.0;4.0;3.0;4.0;5.0;1.0;2.0;2.0;1.0;2.0;1.0;1.0;1.0;1.0;2.0;4.0;2.0;22.0;0;5
531;3.0;4.0;4.0;4.0;5.0;5.0;5.0;5.0;5.0;5.0;5.0;5.0;5.0;5.0;5.0;2.0;2.0;2.0;4.0;3.0;3.0;2.0;2.0;25.0;0;2
532;4.0;5.0;2.0;3.0;3.0;5.0;4.0;3.0;5.0;4.0;5.0;5.0;5.0;5.0;2.0;4.0;4.0;3.0;1.0;5.0;1.0;5.0;3.0;18.0;0;2
533;5.0;2.0;2.0;4.0;4.0;5.0;4.0;5.0;3.0;3.0;4.0;3.0;2.0;2.0;3.0;2.0;5.0;4.0;1.0;3.0;4.0;4.0;1.0;20.0;0;5
534;5.0;3.0;2.0;1.0;5.0;5.0;4.0;4.0;3.0;4.0;2.0;1.0;3.0;5.0;3.0;2.0;4.0;1.0;1.0;1.0;4.0;4.0;3.0;18.0;1;1
535;5.0;4.0;4.0;3.0;3.0;4.0;4.0;3.0;5.0;5.0;5.0;5.0;4.0;3.0;4.0;2.0;3.0;5.0;1.0;2.0;3.0;2.0;2.0;23.0;0;2
536;5.0;5.0;2.0;4.0;5.0;4.0;3.0;2.0;3.0;4.0;2.0;1.0;4.0;5.0;2.0;4.0;3.0;4.0;2.0;3.0;2.0;2.0;3.0;18.0;1;3
537;5.0;1.0;4.0;5.0;5.0;5.0;5.0;4.0;1.0;5.0;4.0;1.0;3.0;5.0;4.0;4.0;4.0;1.0;1.0;5.0;2.0;5.0;4.0;22.0;1;1
538;5.0;2.0;2.0;5.0;5.0;3.0;3.0;5.0;2.0;4.0;4.0;2.0;2.0;4.0;2.0;3.0;5.0;5.0;3.0;2.0;1.0;4.0;3.0;20.0;0;2
539;3.0;1.0;4.0;3.0;5.0;5.0;1.0;4.0;5.0;4.0;5.0;2.0;4.0;4.0;2.0;1.0;2.0;2.0;1.0;4.0;1.0;5.0;1.0;19.0;0;5
540;5.0;1.0;2.0;2.0;4.0;4.0;4.0;2.0;4.0;2.0;4.0;1.0;3.0;5.0;5.0;5.0;5.0;1.0;1.0;5.0;1.0;4.0;5.0;19.0;1;3
541;5.0;5.0;5.0;5.0;5.0;5.0;3.0;5.0;1.0;3.0;5.0;1.0;5.0;1.0;5.0;5.0;5.0;5.0;1.0;1.0;4.0;3.0;5.0;23.0;1;4
542;5.0;3.0;2.0;3.0;5.0;4.0;2.0;2.0;5.0;3.0;5.0;2.0;3.0;2.0;2.0;1.0;4.0;1.0;1.0;1.0;1.0;5.0;1.0;27.0;0;5
543;5.0;4.0;1.0;1.0;5.0;4.0;1.0;2.0;4.0;1.0;4.0;2.0;4.0;3.0;3.0;5.0;5.0;1.0;4.0;3.0;1.0;4.0;3.0;20.0;0;2
544;5.0;3.0;4.0;4.0;5.0;5.0;5.0;5.0;4.0;5.0;3.0;3.0;2.0;3.0;3.0;4.0;5.0;2.0;1.0;5.0;1.0;2.0;4.0;18.0;1;4
545;5.0;4.0;2.0;2.0;5.0;5.0;5.0;3.0;1.0;4.0;3.0;1.0;3.0;5.0;1.0;2.0;5.0;2.0;4.0;5.0;3.0;1.0;3.0;21.0;1;1
546;5.0;4.0;1.0;2.0;5.0;5.0;5.0;3.0;1.0;5.0;3.0;1.0;2.0;3.0;3.0;1.0;5.0;5.0;1.0;5.0;3.0;3.0;2.0;19.0;1;1
547;5.0;4.0;4.0;4.0;5.0;4.0;4.0;2.0;5.0;5.0;3.0;1.0;2.0;4.0;2.0;3.0;3.0;2.0;1.0;3.0;4.0;2.0;2.0;22.0;1;3
548;5.0;1.0;2.0;3.0;5.0;5.0;5.0;2.0;1.0;4.0;1.0;3.0;3.0;3.0;3.0;2.0;3.0;3.0;1.0;3.0;4.0;2.0;2.0;20.0;1;1
549;4.0;4.0;4.0;3.0;5.0;4.0;2.0;5.0;4.0;4.0;5.0;5.0;2.0;4.0;2.0;1.0;3.0;3.0;1.0;5.0;1.0;4.0;1.0;19.0;0;5
550;5.0;4.0;5.0;4.0;4.0;5.0;5.0;1.0;1.0;5.0;5.0;1.0;3.0;4.0;1.0;1.0;4.0;4.0;1.0;5.0;2.0;2.0;3.0;19.0;1;1
551;5.0;5.0;2.0;2.0;4.0;4.0;2.0;2.0;4.0;3.0;4.0;2.0;4.0;4.0;2.0;2.0;1.0;1.0;1.0;5.0;2.0;2.0;2.0;17.0;0;5
552;5.0;2.0;3.0;3.0;5.0;5.0;3.0;3.0;2.0;4.0;3.0;3.0;1.0;1.0;1.0;1.0;1.0;3.0;1.0;5.0;1.0;4.0;3.0;21.0;0;5
553;5.0;4.0;3.0;4.0;4.0;4.0;5.0;2.0;3.0;5.0;3.0;1.0;3.0;3.0;2.0;4.0;4.0;3.0;2.0;4.0;3.0;3.0;5.0;19.0;1;3
554;4.0;2.0;4.0;4.0;4.0;3.0;3.0;2.0;1.0;2.0;3.0;1.0;4.0;3.0;3.0;4.0;5.0;1.0;1.0;3.0;2.0;4.0;3.0;25.0;1;3
555;5.0;4.0;4.0;3.0;4.0;5.0;4.0;2.0;2.0;5.0;4.0;3.0;4.0;3.0;2.0;3.0;4.0;1.0;1.0;4.0;3.0;3.0;3.0;21.0;1;3
556;5.0;1.0;2.0;5.0;5.0;5.0;3.0;3.0;5.0;3.0;4.0;3.0;2.0;1.0;1.0;5.0;4.0;5.0;1.0;4.0;1.0;4.0;1.0;18.0;0;5
557;5.0;5.0;2.0;1.0;5.0;5.0;5.0;5.0;2.0;1.0;5.0;1.0;4.0;5.0;3.0;4.0;5.0;1.0;1.0;5.0;5.0;3.0;2.0;21.0;1;1
558;5.0;5.0;4.0;3.0;5.0;5.0;3.0;5.0;5.0;3.0;4.0;3.0;2.0;2.0;2.0;1.0;2.0;2.0;1.0;2.0;1.0;2.0;1.0;17.0;0;5
559;4.0;2.0;2.0;1.0;4.0;4.0;2.0;5.0;1.0;4.0;5.0;1.0;3.0;1.0;2.0;5.0;1.0;3.0;1.0;4.0;2.0;5.0;5.0;22.0;0;2
560;4.0;4.0;4.0;2.0;5.0;5.0;5.0;2.0;5.0;5.0;5.0;3.0;3.0;3.0;3.0;4.0;5.0;5.0;1.0;4.0;4.0;2.0;3.0;18.0;1;4
561;5.0;4.0;2.0;3.0;4.0;5.0;1.0;4.0;5.0;3.0;5.0;4.0;5.0;2.0;5.0;4.0;2.0;2.0;2.0;5.0;4.0;5.0;3.0;23.0;0;2
562;4.0;3.0;2.0;2.0;5.0;5.0;3.0;4.0;4.0;4.0;4.0;2.0;2.0;2.0;2.0;1.0;3.0;1.0;1.0;5.0;2.0;3.0;1.0;22.0;0;5
563;5.0;5.0;2.0;4.0;5.0;5.0;5.0;3.0;4.0;5.0;3.0;1.0;5.0;4.0;1.0;5.0;3.0;1.0;1.0;1.0;3.0;1.0;1.0;21.0;1;1
564;5.0;3.0;2.0;2.0;5.0;5.0;5.0;4.0;4.0;4.0;3.0;1.0;2.0;2.0;1.0;5.0;3.0;4.0;1.0;4.0;1.0;2.0;5.0;23.0;1;1
565;5.0;4.0;4.0;4.0;5.0;5.0;4.0;3.0;2.0;3.0;4.0;2.0;3.0;4.0;2.0;3.0;5.0;4.0;3.0;2.0;4.0;3.0;4.0;17.0;1;4
566;5.0;4.0;2.0;1.0;5.0;5.0;2.0;5.0;4.0;2.0;3.0;3.0;3.0;3.0;1.0;1.0;2.0;1.0;1.0;5.0;2.0;1.0;1.0;20.0;0;5
567;5.0;4.0;3.0;3.0;5.0;5.0;3.0;3.0;4.0;3.0;4.0;5.0;5.0;3.0;5.0;2.0;5.0;1.0;1.0;3.0;1.0;2.0;3.0;22.0;0;2
568;4.0;1.0;1.0;1.0;5.0;5.0;2.0;4.0;5.0;3.0;5.0;1.0;3.0;2.0;4.0;3.0;3.0;1.0;1.0;1.0;1.0;5.0;1.0;21.0;0;5
569;5.0;1.0;3.0;4.0;5.0;5.0;2.0;3.0;3.0;5.0;4.0;5.0;3.0;2.0;3.0;5.0;5.0;1.0;1.0;1.0;2.0;5.0;3.0;22.0;1;4
570;4.0;3.0;2.0;2.0;4.0;4.0;4.0;2.0;4.0;2.0;4.0;2.0;4.0;2.0;4.0;1.0;2.0;1.0;1.0;4.0;3.0;4.0;2.0;24.0;0;3
571;5.0;3.0;4.0;2.0;5.0;4.0;4.0;2.0;3.0;3.0;2.0;1.0;1.0;2.0;1.0;4.0;5.0;3.0;1.0;3.0;1.0;2.0;3.0;19.0;1;3
572;5.0;2.0;1.0;4.0;5.0;4.0;5.0;3.0;3.0;3.0;4.0;3.0;5.0;5.0;5.0;5.0;5.0;4.0;4.0;5.0;2.0;4.0;4.0;18.0;1;4
573;5.0;4.0;2.0;1.0;5.0;5.0;5.0;2.0;1.0;5.0;4.0;1.0;1.0;5.0;1.0;1.0;4.0;1.0;2.0;1.0;1.0;4.0;4.0;24.0;1;1
574;5.0;5.0;2.0;3.0;5.0;5.0;2.0;4.0;1.0;5.0;5.0;3.0;1.0;3.0;3.0;1.0;3.0;4.0;1.0;5.0;1.0;4.0;1.0;22.0;0;5
575;5.0;2.0;1.0;3.0;2.0;5.0;4.0;5.0;5.0;2.0;4.0;3.0;2.0;2.0;4.0;2.0;4.0;5.0;3.0;1.0;1.0;1.0;2.0;20.0;0;2
576;5.0;3.0;5.0;4.0;5.0;5.0;5.0;2.0;1.0;5.0;4.0;2.0;5.0;4.0;2.0;4.0;5.0;1.0;4.0;2.0;4.0;2.0;3.0;20.0;1;4
577;5.0;2.0;1.0;1.0;3.0;4.0;3.0;2.0;3.0;3.0;2.0;1.0;4.0;4.0;1.0;4.0;3.0;1.0;4.0;2.0;3.0;2.0;3.0;19.0;1;3
578;5.0;3.0;4.0;1.0;4.0;5.0;3.0;3.0;4.0;3.0;2.0;1.0;3.0;2.0;1.0;3.0;4.0;1.0;1.0;1.0;2.0;3.0;4.0;21.0;1;1
579;5.0;3.0;4.0;3.0;4.0;4.0;3.0;5.0;3.0;5.0;3.0;3.0;4.0;3.0;2.0;4.0;2.0;3.0;3.0;4.0;1.0;3.0;4.0;25.0;0;2
580;5.0;5.0;5.0;3.0;5.0;5.0;3.0;2.0;4.0;2.0;4.0;3.0;4.0;4.0;4.0;3.0;4.0;2.0;1.0;3.0;1.0;4.0;5.0;20.0;1;4
581;5.0;1.0;1.0;1.0;4.0;5.0;4.0;5.0;2.0;3.0;4.0;2.0;3.0;4.0;3.0;4.0;5.0;3.0;4.0;3.0;1.0;3.0;4.0;20.0;1;4
582;5.0;5.0;4.0;4.0;3.0;5.0;2.0;2.0;2.0;2.0;5.0;2.0;5.0;4.0;4.0;2.0;3.0;3.0;1.0;3.0;1.0;3.0;3.0;23.0;0;2
583;5.0;2.0;2.0;4.0;4.0;2.0;2.0;5.0;3.0;4.0;5.0;1.0;2.0;5.0;2.0;4.0;4.0;5.0;4.0;3.0;1.0;5.0;4.0;27.0;0;2
584;4.0;4.0;3.0;3.0;4.0;4.0;3.0;4.0;5.0;4.0;2.0;2.0;4.0;4.0;2.0;2.0;4.0;2.0;2.0;4.0;2.0;3.0;2.0;21.0;0;2
585;5.0;2.0;3.0;3.0;3.0;3.0;2.0;2.0;4.0;3.0;4.0;3.0;3.0;4.0;3.0;4.0;4.0;1.0;1.0;3.0;2.0;3.0;2.0;23.0;1;3
586;5.0;4.0;4.0;4.0;4.0;5.0;5.0;4.0;3.0;3.0;4.0;2.0;3.0;4.0;3.0;2.0;4.0;4.0;1.0;4.0;4.0;3.0;4.0;22.0;1;4
587;3.0;1.0;1.0;3.0;4.0;4.0;4.0;2.0;4.0;3.0;4.0;2.0;3.0;2.0;3.0;3.0;4.0;1.0;1.0;4.0;3.0;3.0;5.0;28.0;1;3
588;4.0;3.0;2.0;4.0;4.0;4.0;4.0;1.0;2.0;3.0;3.0;2.0;3.0;5.0;2.0;5.0;4.0;1.0;2.0;2.0;4.0;2.0;3.0;22.0;1;3
589;5.0;4.0;1.0;1.0;4.0;4.0;3.0;1.0;5.0;2.0;5.0;1.0;1.0;2.0;4.0;3.0;3.0;1.0;1.0;5.0;1.0;4.0;3.0;18.0;0;5
590;5.0;2.0;2.0;2.0;5.0;5.0;5.0;2.0;5.0;5.0;1.0;1.0;3.0;3.0;2.0;5.0;1.0;2.0;3.0;1.0;4.0;2.0;5.0;25.0;1;4
591;5.0;2.0;1.0;2.0;5.0;2.0;3.0;1.0;2.0;3.0;5.0;1.0;3.0;1.0;1.0;1.0;4.0;1.0;1.0;5.0;4.0;3.0;5.0;20.0;1;1
592;4.0;3.0;3.0;2.0;5.0;5.0;5.0;3.0;5.0;5.0;5.0;3.0;5.0;2.0;3.0;3.0;3.0;2.0;1.0;3.0;3.0;1.0;4.0;28.0;1;4
593;5.0;1.0;5.0;3.0;3.0;5.0;4.0;3.0;1.0;5.0;5.0;3.0;5.0;3.0;1.0;4.0;4.0;1.0;1.0;4.0;1.0;5.0;5.0;23.0;1;1
594;5.0;3.0;5.0;4.0;5.0;5.0;5.0;3.0;3.0;5.0;5.0;1.0;3.0;4.0;2.0;5.0;5.0;4.0;3.0;5.0;2.0;3.0;3.0;21.0;1;4
595;5.0;5.0;5.0;2.0;5.0;5.0;4.0;3.0;2.0;5.0;4.0;3.0;4.0;4.0;1.0;5.0;4.0;1.0;1.0;5.0;2.0;4.0;3.0;25.0;1;4
596;5.0;4.0;5.0;4.0;4.0;4.0;4.0;3.0;3.0;4.0;4.0;2.0;3.0;4.0;1.0;5.0;5.0;1.0;1.0;5.0;1.0;5.0;5.0;28.0;1;4
597;4.0;3.0;4.0;3.0;5.0;4.0;2.0;4.0;5.0;5.0;4.0;3.0;3.0;3.0;2.0;3.0;3.0;1.0;1.0;1.0;2.0;4.0;3.0;19.0;0;2
598;5.0;3.0;3.0;3.0;5.0;5.0;5.0;5.0;4.0;5.0;5.0;5.0;4.0;4.0;1.0;5.0;3.0;3.0;1.0;3.0;3.0;3.0;3.0;30.0;1;4
599;5.0;4.0;2.0;2.0;5.0;5.0;4.0;2.0;1.0;5.0;1.0;1.0;2.0;1.0;1.0;2.0;3.0;3.0;2.0;4.0;4.0;1.0;2.0;28.0;1;1
600;5.0;4.0;3.0;4.0;5.0;5.0;4.0;4.0;4.0;5.0;4.0;3.0;3.0;3.0;3.0;4.0;4.0;5.0;4.0;3.0;4.0;4.0;3.0;19.0;1;4
601;5.0;3.0;1.0;1.0;5.0;5.0;5.0;1.0;3.0;5.0;3.0;1.0;3.0;5.0;1.0;5.0;3.0;1.0;3.0;3.0;3.0;1.0;3.0;18.0;1;1
602;5.0;4.0;2.0;2.0;5.0;5.0;4.0;3.0;3.0;3.0;5.0;3.0;5.0;3.0;3.0;3.0;5.0;2.0;1.0;3.0;3.0;2.0;2.0;18.0;0;2
603;5.0;3.0;3.0;3.0;5.0;4.0;2.0;4.0;3.0;2.0;3.0;4.0;4.0;4.0;3.0;5.0;5.0;3.0;2.0;5.0;2.0;4.0;4.0;18.0;0;2
604;5.0;4.0;2.0;4.0;5.0;5.0;4.0;3.0;3.0;5.0;2.0;2.0;3.0;2.0;1.0;4.0;5.0;1.0;1.0;4.0;2.0;2.0;2.0;17.0;1;4
605;5.0;4.0;3.0;4.0;5.0;5.0;3.0;5.0;5.0;3.0;5.0;3.0;5.0;5.0;5.0;5.0;4.0;5.0;5.0;4.0;2.0;4.0;3.0;21.0;0;2
606;5.0;3.0;3.0;5.0;5.0;5.0;3.0;4.0;5.0;4.0;5.0;2.0;5.0;5.0;5.0;2.0;5.0;5.0;1.0;5.0;2.0;5.0;2.0;21.0;0;2
607;5.0;5.0;3.0;4.0;4.0;5.0;5.0;3.0;2.0;5.0;3.0;1.0;4.0;5.0;2.0;4.0;4.0;1.0;1.0;4.0;3.0;2.0;5.0;23.0;1;1
608;5.0;3.0;1.0;3.0;5.0;5.0;5.0;3.0;1.0;5.0;5.0;1.0;3.0;3.0;2.0;1.0;5.0;2.0;3.0;3.0;1.0;2.0;4.0;18.0;1;1
609;5.0;3.0;1.0;1.0;5.0;5.0;4.0;2.0;5.0;3.0;2.0;1.0;2.0;1.0;2.0;5.0;5.0;1.0;4.0;1.0;3.0;1.0;2.0;20.0;1;1
610;5.0;5.0;5.0;3.0;5.0;5.0;5.0;1.0;2.0;4.0;2.0;1.0;3.0;5.0;3.0;2.0;5.0;1.0;2.0;5.0;5.0;1.0;3.0;19.0;1;1
611;5.0;3.0;3.0;2.0;5.0;5.0;3.0;1.0;2.0;4.0;2.0;1.0;2.0;3.0;2.0;1.0;4.0;2.0;1.0;5.0;4.0;2.0;3.0;20.0;1;1
612;5.0;4.0;2.0;1.0;5.0;2.0;5.0;1.0;4.0;5.0;4.0;1.0;3.0;3.0;1.0;5.0;2.0;1.0;1.0;1.0;2.0;1.0;1.0;26.0;1;1
613;5.0;2.0;2.0;3.0;5.0;3.0;4.0;5.0;5.0;5.0;5.0;3.0;5.0;5.0;3.0;3.0;3.0;1.0;2.0;5.0;1.0;3.0;3.0;21.0;1;4
614;5.0;1.0;1.0;2.0;4.0;5.0;2.0;5.0;5.0;5.0;5.0;2.0;5.0;5.0;5.0;3.0;3.0;4.0;2.0;1.0;1.0;5.0;5.0;19.0;0;2
615;4.0;3.0;5.0;3.0;5.0;4.0;2.0;3.0;5.0;4.0;4.0;5.0;3.0;2.0;2.0;2.0;3.0;4.0;1.0;5.0;3.0;3.0;2.0;23.0;0;5
616;5.0;4.0;5.0;2.0;5.0;5.0;5.0;2.0;2.0;5.0;3.0;1.0;2.0;4.0;1.0;1.0;5.0;1.0;1.0;5.0;3.0;2.0;3.0;21.0;1;1
617;5.0;3.0;5.0;4.0;5.0;5.0;4.0;4.0;4.0;4.0;5.0;2.0;4.0;5.0;3.0;2.0;5.0;5.0;3.0;5.0;3.0;5.0;5.0;22.0;1;4
618;5.0;4.0;3.0;2.0;4.0;5.0;2.0;3.0;5.0;2.0;4.0;2.0;2.0;2.0;4.0;3.0;4.0;1.0;1.0;5.0;2.0;4.0;4.0;18.0;0;5
619;5.0;2.0;2.0;2.0;3.0;4.0;3.0;2.0;5.0;3.0;5.0;2.0;2.0;3.0;1.0;5.0;2.0;3.0;2.0;5.0;2.0;4.0;4.0;21.0;1;3
620;5.0;4.0;3.0;4.0;5.0;5.0;4.0;2.0;2.0;5.0;2.0;2.0;2.0;2.0;2.0;3.0;5.0;1.0;1.0;3.0;4.0;2.0;3.0;17.0;1;3
621;4.0;4.0;5.0;3.0;5.0;5.0;4.0;4.0;4.0;5.0;5.0;3.0;3.0;5.0;2.0;4.0;3.0;1.0;1.0;2.0;1.0;2.0;5.0;20.0;1;4
622;4.0;2.0;4.0;2.0;3.0;2.0;4.0;2.0;1.0;4.0;5.0;3.0;3.0;2.0;1.0;3.0;3.0;1.0;1.0;2.0;3.0;2.0;3.0;22.0;1;3
623;5.0;1.0;1.0;3.0;5.0;5.0;5.0;4.0;1.0;4.0;2.0;1.0;1.0;5.0;1.0;2.0;5.0;3.0;1.0;3.0;3.0;4.0;4.0;20.0;1;1
624;5.0;4.0;5.0;5.0;3.0;4.0;4.0;1.0;4.0;1.0;5.0;3.0;5.0;4.0;4.0;5.0;5.0;4.0;4.0;3.0;1.0;1.0;5.0;19.0;1;4
625;5.0;4.0;5.0;1.0;5.0;5.0;4.0;3.0;3.0;5.0;4.0;1.0;3.0;3.0;2.0;5.0;5.0;1.0;1.0;5.0;4.0;2.0;5.0;25.0;1;1
626;4.0;1.0;4.0;3.0;5.0;4.0;3.0;5.0;5.0;4.0;4.0;2.0;4.0;1.0;3.0;3.0;3.0;2.0;1.0;5.0;1.0;5.0;2.0;29.0;0;2
627;5.0;4.0;5.0;3.0;4.0;4.0;4.0;4.0;5.0;3.0;5.0;4.0;5.0;5.0;5.0;3.0;4.0;4.0;3.0;3.0;1.0;4.0;5.0;29.0;0;2
628;5.0;1.0;1.0;3.0;5.0;4.0;3.0;3.0;1.0;3.0;3.0;1.0;3.0;3.0;1.0;3.0;5.0;2.0;2.0;1.0;1.0;1.0;4.0;17.0;1;1
629;5.0;2.0;3.0;5.0;5.0;5.0;2.0;4.0;3.0;3.0;4.0;4.0;3.0;3.0;2.0;3.0;5.0;5.0;2.0;5.0;3.0;3.0;4.0;17.0;1;4
630;4.0;2.0;3.0;2.0;5.0;3.0;3.0;3.0;5.0;3.0;5.0;3.0;3.0;3.0;2.0;2.0;3.0;1.0;1.0;5.0;2.0;3.0;1.0;19.0;0;5
631;4.0;4.0;4.0;5.0;5.0;4.0;4.0;3.0;2.0;5.0;4.0;1.0;5.0;4.0;3.0;5.0;3.0;4.0;5.0;5.0;3.0;4.0;5.0;18.0;1;4
632;5.0;1.0;1.0;3.0;4.0;4.0;3.0;1.0;1.0;3.0;4.0;1.0;1.0;1.0;4.0;1.0;5.0;5.0;1.0;1.0;1.0;4.0;5.0;20.0;1;1
633;5.0;2.0;1.0;4.0;5.0;5.0;5.0;3.0;3.0;5.0;4.0;2.0;5.0;3.0;4.0;5.0;5.0;1.0;1.0;1.0;1.0;2.0;5.0;18.0;1;4
634;4.0;3.0;3.0;3.0;5.0;5.0;5.0;3.0;2.0;4.0;3.0;2.0;2.0;4.0;2.0;1.0;2.0;1.0;1.0;2.0;3.0;1.0;3.0;19.0;1;3
635;5.0;4.0;1.0;4.0;5.0;4.0;1.0;3.0;4.0;1.0;4.0;1.0;5.0;3.0;5.0;1.0;5.0;1.0;5.0;3.0;4.0;4.0;3.0;19.0;0;2
636;5.0;5.0;5.0;3.0;5.0;5.0;3.0;2.0;4.0;3.0;1.0;2.0;2.0;5.0;2.0;3.0;2.0;1.0;1.0;1.0;1.0;4.0;1.0;20.0;0;5
637;5.0;2.0;2.0;3.0;3.0;5.0;3.0;2.0;3.0;4.0;4.0;4.0;1.0;1.0;1.0;1.0;1.0;5.0;3.0;5.0;2.0;5.0;1.0;19.0;0;5
638;5.0;5.0;2.0;2.0;5.0;5.0;3.0;1.0;5.0;4.0;5.0;1.0;5.0;3.0;2.0;4.0;4.0;1.0;2.0;5.0;5.0;5.0;5.0;18.0;1;1
639;5.0;3.0;3.0;4.0;5.0;3.0;5.0;5.0;5.0;3.0;4.0;2.0;5.0;5.0;5.0;5.0;5.0;5.0;1.0;1.0;2.0;3.0;5.0;16.0;1;4
640;5.0;4.0;3.0;4.0;5.0;5.0;3.0;1.0;4.0;3.0;4.0;1.0;4.0;2.0;3.0;5.0;5.0;1.0;1.0;4.0;4.0;2.0;3.0;18.0;1;4
641;5.0;4.0;3.0;4.0;4.0;5.0;4.0;4.0;2.0;2.0;4.0;2.0;5.0;4.0;5.0;5.0;5.0;1.0;1.0;5.0;1.0;1.0;2.0;19.0;1;4
642;4.0;1.0;4.0;4.0;5.0;4.0;5.0;4.0;3.0;5.0;4.0;3.0;5.0;5.0;5.0;5.0;5.0;5.0;2.0;5.0;2.0;5.0;4.0;24.0;1;4
643;5.0;1.0;2.0;3.0;4.0;4.0;3.0;4.0;2.0;5.0;3.0;2.0;3.0;2.0;1.0;5.0;4.0;5.0;1.0;4.0;1.0;1.0;3.0;19.0;1;3
644;4.0;2.0;2.0;4.0;5.0;4.0;4.0;4.0;4.0;5.0;4.0;3.0;5.0;5.0;4.0;4.0;3.0;3.0;2.0;3.0;3.0;3.0;4.0;20.0;1;4
645;5.0;1.0;1.0;4.0;5.0;3.0;4.0;3.0;3.0;4.0;2.0;1.0;4.0;4.0;1.0;5.0;5.0;5.0;4.0;4.0;3.0;1.0;3.0;21.0;1;4
646;5.0;5.0;1.0;1.0;5.0;5.0;1.0;1.0;5.0;1.0;2.0;4.0;1.0;1.0;3.0;1.0;5.0;1.0;1.0;5.0;1.0;4.0;1.0;23.0;0;5
647;5.0;1.0;2.0;2.0;5.0;5.0;2.0;5.0;5.0;5.0;4.0;5.0;5.0;4.0;5.0;1.0;5.0;3.0;1.0;5.0;1.0;5.0;2.0;23.0;0;5
648;4.0;5.0;2.0;3.0;5.0;5.0;2.0;4.0;5.0;3.0;4.0;3.0;4.0;3.0;5.0;3.0;4.0;3.0;2.0;5.0;4.0;4.0;3.0;17.0;0;2
649;5.0;1.0;2.0;5.0;5.0;4.0;4.0;2.0;1.0;5.0;3.0;1.0;5.0;1.0;1.0;5.0;5.0;5.0;1.0;1.0;1.0;2.0;5.0;18.0;1;1
650;5.0;3.0;4.0;2.0;5.0;5.0;4.0;3.0;5.0;5.0;4.0;5.0;3.0;5.0;3.0;5.0;5.0;3.0;4.0;5.0;1.0;4.0;4.0;26.0;0;2
651;2.0;3.0;3.0;3.0;1.0;4.0;5.0;2.0;2.0;4.0;4.0;2.0;1.0;2.0;2.0;2.0;3.0;1.0;1.0;4.0;1.0;4.0;3.0;22.0;0;3
652;5.0;1.0;3.0;2.0;4.0;5.0;1.0;3.0;3.0;4.0;5.0;2.0;4.0;4.0;3.0;1.0;3.0;1.0;1.0;2.0;1.0;5.0;2.0;25.0;0;5
653;5.0;5.0;4.0;5.0;5.0;3.0;3.0;3.0;2.0;5.0;5.0;1.0;5.0;4.0;2.0;5.0;3.0;5.0;5.0;4.0;2.0;3.0;5.0;18.0;1;4
654;5.0;3.0;3.0;3.0;5.0;5.0;4.0;5.0;3.0;5.0;5.0;3.0;3.0;3.0;2.0;2.0;2.0;5.0;5.0;4.0;2.0;3.0;3.0;15.0;1;4
655;5.0;1.0;1.0;3.0;5.0;5.0;3.0;5.0;5.0;3.0;3.0;3.0;4.0;4.0;1.0;1.0;5.0;5.0;3.0;3.0;3.0;3.0;2.0;17.0;0;2
656;5.0;5.0;1.0;5.0;4.0;5.0;4.0;4.0;4.0;5.0;5.0;3.0;4.0;5.0;2.0;2.0;2.0;1.0;3.0;5.0;2.0;5.0;5.0;22.0;1;4
657;5.0;1.0;2.0;3.0;5.0;5.0;5.0;5.0;1.0;4.0;3.0;1.0;2.0;2.0;1.0;5.0;4.0;5.0;2.0;2.0;5.0;2.0;5.0;21.0;1;1
658;5.0;4.0;2.0;4.0;4.0;4.0;5.0;1.0;4.0;3.0;2.0;1.0;3.0;5.0;1.0;1.0;5.0;1.0;1.0;3.0;5.0;4.0;4.0;21.0;1;1
659;5.0;1.0;3.0;2.0;5.0;4.0;3.0;2.0;4.0;5.0;4.0;2.0;4.0;4.0;4.0;5.0;5.0;5.0;1.0;1.0;2.0;2.0;4.0;19.0;1;4
660;4.0;4.0;3.0;3.0;4.0;4.0;4.0;5.0;3.0;2.0;4.0;2.0;3.0;2.0;4.0;4.0;5.0;3.0;2.0;4.0;3.0;4.0;2.0;26.0;0;2
661;5.0;1.0;4.0;4.0;5.0;5.0;4.0;3.0;2.0;2.0;1.0;2.0;3.0;3.0;3.0;5.0;5.0;1.0;4.0;5.0;4.0;5.0;4.0;26.0;1;4
662;5.0;5.0;5.0;5.0;5.0;3.0;5.0;1.0;5.0;2.0;5.0;3.0;2.0;4.0;1.0;3.0;5.0;1.0;1.0;5.0;2.0;5.0;4.0;19.0;1;4
663;5.0;3.0;1.0;1.0;5.0;5.0;3.0;5.0;5.0;5.0;4.0;2.0;2.0;2.0;1.0;1.0;4.0;1.0;1.0;5.0;1.0;5.0;2.0;20.0;0;5
664;5.0;3.0;3.0;4.0;5.0;5.0;5.0;5.0;3.0;5.0;5.0;3.0;5.0;4.0;2.0;5.0;3.0;5.0;5.0;4.0;3.0;5.0;5.0;18.0;0;2
665;5.0;2.0;3.0;2.0;5.0;4.0;4.0;4.0;3.0;2.0;3.0;2.0;4.0;3.0;5.0;5.0;5.0;1.0;1.0;4.0;3.0;2.0;4.0;25.0;1;3
666;5.0;5.0;5.0;1.0;5.0;5.0;1.0;3.0;2.0;1.0;2.0;1.0;2.0;2.0;3.0;2.0;3.0;1.0;1.0;5.0;1.0;5.0;1.0;23.0;0;5
667;5.0;4.0;5.0;1.0;5.0;5.0;3.0;2.0;3.0;2.0;4.0;3.0;5.0;3.0;5.0;4.0;5.0;3.0;1.0;5.0;1.0;4.0;2.0;24.0;0;2
668;5.0;1.0;1.0;3.0;5.0;4.0;3.0;4.0;4.0;2.0;5.0;2.0;5.0;2.0;3.0;5.0;4.0;5.0;3.0;5.0;1.0;4.0;5.0;20.0;0;2
669;5.0;2.0;2.0;3.0;5.0;5.0;4.0;2.0;3.0;4.0;4.0;1.0;3.0;4.0;1.0;5.0;5.0;2.0;2.0;2.0;1.0;3.0;4.0;19.0;1;4
670;5.0;2.0;2.0;3.0;5.0;5.0;2.0;5.0;2.0;4.0;3.0;2.0;2.0;5.0;1.0;2.0;5.0;1.0;1.0;5.0;2.0;5.0;1.0;18.0;0;5
671;5.0;4.0;4.0;4.0;5.0;3.0;3.0;4.0;4.0;3.0;4.0;4.0;4.0;4.0;4.0;1.0;5.0;4.0;5.0;4.0;4.0;3.0;4.0;25.0;1;4
672;4.0;5.0;3.0;3.0;4.0;5.0;3.0;1.0;3.0;3.0;3.0;1.0;3.0;3.0;3.0;1.0;3.0;1.0;1.0;1.0;2.0;3.0;1.0;26.0;0;5
673;3.0;3.0;3.0;3.0;5.0;5.0;5.0;5.0;5.0;5.0;5.0;5.0;4.0;4.0;4.0;4.0;4.0;4.0;4.0;4.0;4.0;4.0;4.0;19.0;1;4
674;1.0;1.0;1.0;1.0;4.0;3.0;2.0;2.0;1.0;1.0;5.0;4.0;1.0;2.0;3.0;3.0;3.0;3.0;2.0;2.0;4.0;4.0;3.0;16.0;1;3
675;5.0;2.0;3.0;2.0;5.0;3.0;2.0;5.0;5.0;3.0;4.0;3.0;3.0;2.0;4.0;2.0;3.0;1.0;1.0;1.0;1.0;5.0;2.0;18.0;0;5
676;5.0;4.0;1.0;1.0;5.0;5.0;4.0;4.0;3.0;4.0;2.0;1.0;3.0;4.0;3.0;3.0;4.0;3.0;2.0;3.0;4.0;2.0;3.0;20.0;1;1
677;5.0;4.0;3.0;5.0;5.0;5.0;5.0;5.0;5.0;5.0;5.0;5.0;3.0;3.0;3.0;3.0;3.0;2.0;2.0;4.0;3.0;2.0;2.0;17.0;1;4
678;3.0;2.0;2.0;3.0;4.0;4.0;3.0;3.0;3.0;4.0;4.0;3.0;4.0;3.0;4.0;5.0;5.0;1.0;1.0;5.0;1.0;2.0;3.0;20.0;1;3
679;5.0;4.0;2.0;2.0;5.0;5.0;5.0;3.0;1.0;4.0;5.0;2.0;3.0;4.0;2.0;4.0;5.0;4.0;4.0;4.0;4.0;5.0;5.0;19.0;1;4
680;5.0;3.0;1.0;3.0;5.0;5.0;5.0;3.0;5.0;5.0;5.0;5.0;5.0;3.0;5.0;1.0;5.0;5.0;5.0;5.0;3.0;5.0;3.0;25.0;0;2
681;5.0;3.0;2.0;1.0;5.0;5.0;5.0;1.0;1.0;4.0;2.0;1.0;2.0;3.0;1.0;3.0;3.0;2.0;1.0;5.0;5.0;1.0;5.0;18.0;1;1
682;5.0;4.0;2.0;5.0;5.0;5.0;3.0;1.0;3.0;5.0;5.0;3.0;5.0;5.0;4.0;5.0;4.0;1.0;2.0;5.0;3.0;4.0;5.0;17.0;1;4
683;5.0;3.0;3.0;3.0;5.0;5.0;5.0;3.0;3.0;3.0;5.0;3.0;5.0;4.0;4.0;3.0;5.0;2.0;2.0;3.0;3.0;3.0;2.0;18.0;0;2
684;4.0;1.0;1.0;4.0;4.0;4.0;3.0;2.0;1.0;5.0;5.0;1.0;5.0;5.0;2.0;5.0;3.0;1.0;2.0;5.0;2.0;1.0;5.0;20.0;1;1
685;5.0;2.0;5.0;5.0;5.0;5.0;3.0;5.0;3.0;3.0;5.0;5.0;2.0;5.0;1.0;5.0;5.0;2.0;5.0;3.0;2.0;5.0;3.0;17.0;1;4
686;4.0;3.0;3.0;5.0;5.0;5.0;4.0;3.0;2.0;4.0;3.0;1.0;4.0;5.0;5.0;2.0;4.0;3.0;1.0;2.0;3.0;4.0;4.0;19.0;0;2
687;4.0;4.0;3.0;3.0;5.0;5.0;3.0;4.0;3.0;2.0;2.0;2.0;5.0;3.0;4.0;3.0;5.0;1.0;1.0;5.0;3.0;1.0;3.0;19.0;0;2
688;5.0;2.0;2.0;5.0;4.0;4.0;4.0;5.0;5.0;3.0;4.0;1.0;4.0;2.0;4.0;4.0;3.0;1.0;1.0;2.0;1.0;3.0;3.0;19.0;0;3
689;5.0;5.0;3.0;2.0;5.0;5.0;4.0;3.0;5.0;5.0;3.0;2.0;5.0;4.0;5.0;4.0;3.0;1.0;1.0;5.0;3.0;2.0;3.0;16.0;0;5
690;5.0;4.0;1.0;1.0;5.0;5.0;3.0;5.0;1.0;5.0;3.0;1.0;3.0;2.0;1.0;4.0;4.0;1.0;1.0;1.0;5.0;4.0;4.0;19.0;0;1
691;5.0;2.0;1.0;1.0;5.0;4.0;3.0;5.0;2.0;2.0;5.0;2.0;3.0;4.0;1.0;2.0;4.0;3.0;5.0;2.0;1.0;5.0;2.0;20.0;1;2
692;5.0;4.0;3.0;5.0;5.0;3.0;2.0;3.0;1.0;4.0;5.0;1.0;3.0;5.0;2.0;4.0;3.0;3.0;4.0;3.0;1.0;3.0;1.0;19.0;1;1
693;5.0;4.0;3.0;3.0;3.0;4.0;4.0;2.0;3.0;2.0;4.0;3.0;4.0;3.0;2.0;1.0;2.0;1.0;1.0;5.0;3.0;5.0;1.0;21.0;0;5
694;2.0;5.0;3.0;4.0;5.0;5.0;2.0;4.0;3.0;3.0;3.0;3.0;3.0;3.0;3.0;5.0;4.0;4.0;2.0;2.0;4.0;3.0;3.0;24.0;0;2
695;4.0;5.0;1.0;1.0;5.0;5.0;2.0;4.0;5.0;2.0;2.0;1.0;2.0;1.0;2.0;1.0;1.0;1.0;1.0;5.0;2.0;1.0;2.0;23.0;0;5
696;5.0;1.0;5.0;1.0;4.0;2.0;4.0;2.0;4.0;2.0;2.0;4.0;4.0;4.0;4.0;4.0;4.0;3.0;2.0;4.0;5.0;5.0;4.0;30.0;1;3
697;3.0;4.0;4.0;2.0;3.0;4.0;5.0;3.0;3.0;2.0;3.0;3.0;3.0;4.0;4.0;1.0;4.0;4.0;4.0;4.0;4.0;5.0;4.0;27.0;0;2
698;5.0;5.0;2.0;2.0;5.0;3.0;4.0;5.0;3.0;5.0;2.0;2.0;2.0;2.0;3.0;1.0;3.0;1.0;1.0;5.0;5.0;1.0;1.0;19.0;0;5
699;5.0;3.0;3.0;2.0;5.0;4.0;1.0;1.0;5.0;3.0;3.0;4.0;5.0;4.0;5.0;3.0;5.0;4.0;1.0;3.0;3.0;4.0;2.0;18.0;1;3
700;5.0;1.0;1.0;2.0;5.0;4.0;3.0;4.0;4.0;3.0;5.0;3.0;4.0;2.0;3.0;5.0;4.0;3.0;3.0;2.0;3.0;4.0;5.0;18.0;0;2
701;5.0;4.0;1.0;1.0;5.0;5.0;4.0;2.0;5.0;3.0;1.0;2.0;1.0;1.0;2.0;3.0;3.0;1.0;1.0;5.0;1.0;4.0;5.0;17.0;0;5
702;4.0;1.0;1.0;1.0;5.0;5.0;1.0;2.0;5.0;2.0;4.0;2.0;2.0;1.0;1.0;1.0;2.0;1.0;1.0;5.0;1.0;5.0;1.0;30.0;1;5
703;5.0;5.0;3.0;1.0;5.0;5.0;4.0;4.0;2.0;4.0;4.0;1.0;3.0;3.0;1.0;3.0;5.0;2.0;3.0;5.0;2.0;3.0;3.0;19.0;1;1
704;5.0;1.0;1.0;2.0;5.0;5.0;4.0;1.0;2.0;3.0;2.0;1.0;3.0;3.0;3.0;2.0;3.0;4.0;1.0;5.0;3.0;1.0;3.0;27.0;1;1
705;5.0;4.0;4.0;4.0;5.0;5.0;5.0;2.0;2.0;5.0;3.0;2.0;1.0;3.0;3.0;5.0;5.0;5.0;5.0;4.0;3.0;3.0;5.0;21.0;1;4
706;5.0;3.0;4.0;2.0;2.0;3.0;3.0;2.0;2.0;4.0;4.0;1.0;5.0;4.0;3.0;5.0;5.0;5.0;4.0;4.0;5.0;2.0;4.0;17.0;1;4
707;3.0;1.0;1.0;1.0;5.0;5.0;4.0;4.0;4.0;4.0;5.0;4.0;3.0;3.0;5.0;2.0;4.0;1.0;1.0;2.0;3.0;3.0;4.0;20.0;0;2
708;5.0;3.0;2.0;1.0;5.0;5.0;2.0;3.0;2.0;5.0;4.0;2.0;2.0;2.0;1.0;1.0;3.0;1.0;1.0;5.0;1.0;3.0;2.0;20.0;0;5
709;4.0;4.0;1.0;1.0;4.0;5.0;5.0;3.0;5.0;2.0;4.0;2.0;4.0;3.0;5.0;1.0;5.0;1.0;1.0;1.0;1.0;5.0;1.0;18.0;0;5
710;5.0;1.0;3.0;4.0;5.0;5.0;4.0;5.0;4.0;5.0;4.0;4.0;4.0;4.0;2.0;5.0;3.0;5.0;5.0;3.0;4.0;4.0;5.0;20.0;0;2
711;5.0;3.0;2.0;3.0;4.0;4.0;3.0;4.0;3.0;3.0;5.0;2.0;4.0;5.0;4.0;5.0;4.0;3.0;4.0;4.0;1.0;5.0;4.0;20.0;0;2
712;5.0;2.0;1.0;1.0;5.0;4.0;4.0;1.0;4.0;1.0;2.0;1.0;5.0;1.0;1.0;1.0;2.0;1.0;3.0;5.0;1.0;3.0;1.0;17.0;1;1
713;5.0;2.0;1.0;1.0;5.0;5.0;4.0;2.0;5.0;1.0;3.0;1.0;3.0;1.0;1.0;1.0;2.0;1.0;1.0;5.0;1.0;4.0;1.0;19.0;0;5
714;5.0;5.0;4.0;3.0;5.0;5.0;4.0;3.0;2.0;4.0;3.0;3.0;3.0;4.0;3.0;5.0;5.0;3.0;3.0;3.0;3.0;3.0;5.0;20.0;1;4
715;5.0;4.0;4.0;5.0;5.0;5.0;4.0;4.0;5.0;4.0;5.0;2.0;5.0;4.0;5.0;2.0;5.0;5.0;1.0;3.0;5.0;5.0;5.0;21.0;0;2
716;3.0;5.0;4.0;4.0;3.0;4.0;5.0;3.0;3.0;4.0;1.0;4.0;1.0;1.0;4.0;1.0;1.0;4.0;4.0;5.0;1.0;1.0;3.0;23.0;0;2
717;4.0;2.0;1.0;1.0;3.0;5.0;1.0;2.0;4.0;3.0;5.0;4.0;4.0;2.0;4.0;1.0;5.0;1.0;1.0;5.0;2.0;4.0;1.0;24.0;0;5
718;5.0;3.0;2.0;1.0;4.0;4.0;2.0;2.0;2.0;3.0;5.0;1.0;3.0;3.0;3.0;2.0;4.0;1.0;1.0;1.0;2.0;3.0;3.0;17.0;1;3
719;5.0;4.0;4.0;4.0;5.0;5.0;5.0;3.0;3.0;3.0;3.0;4.0;2.0;5.0;1.0;3.0;5.0;1.0;1.0;3.0;4.0;1.0;4.0;18.0;1;1
720;5.0;1.0;3.0;4.0;5.0;5.0;4.0;5.0;3.0;5.0;3.0;3.0;5.0;4.0;1.0;2.0;5.0;5.0;3.0;1.0;3.0;5.0;4.0;17.0;0;2
721;5.0;5.0;4.0;3.0;3.0;4.0;2.0;3.0;3.0;3.0;2.0;2.0;4.0;2.0;2.0;5.0;4.0;1.0;3.0;1.0;4.0;1.0;2.0;19.0;1;3
722;5.0;5.0;2.0;2.0;4.0;5.0;3.0;2.0;2.0;3.0;5.0;1.0;4.0;4.0;3.0;1.0;3.0;4.0;5.0;3.0;3.0;3.0;2.0;21.0;0;5
723;5.0;1.0;3.0;2.0;5.0;4.0;2.0;1.0;1.0;5.0;5.0;4.0;5.0;1.0;1.0;5.0;5.0;3.0;1.0;1.0;1.0;1.0;5.0;29.0;1;1
724;4.0;1.0;2.0;2.0;5.0;3.0;3.0;4.0;4.0;5.0;5.0;2.0;2.0;2.0;1.0;3.0;3.0;5.0;1.0;1.0;1.0;3.0;3.0;21.0;1;3
725;5.0;3.0;3.0;5.0;5.0;4.0;4.0;1.0;3.0;4.0;3.0;2.0;4.0;3.0;1.0;4.0;5.0;5.0;2.0;2.0;3.0;2.0;5.0;20.0;1;4
726;5.0;2.0;4.0;3.0;4.0;4.0;4.0;3.0;2.0;4.0;2.0;2.0;2.0;3.0;2.0;5.0;4.0;3.0;1.0;1.0;4.0;1.0;4.0;20.0;1;3
727;5.0;3.0;2.0;4.0;5.0;5.0;3.0;5.0;3.0;4.0;2.0;2.0;3.0;4.0;5.0;5.0;5.0;2.0;1.0;4.0;2.0;4.0;5.0;20.0;1;4
728;5.0;5.0;4.0;4.0;5.0;5.0;5.0;5.0;2.0;2.0;5.0;1.0;4.0;4.0;1.0;5.0;5.0;5.0;2.0;5.0;1.0;4.0;4.0;21.0;1;4
729;5.0;5.0;4.0;4.0;5.0;5.0;4.0;4.0;4.0;4.0;3.0;3.0;4.0;3.0;3.0;3.0;5.0;2.0;2.0;1.0;4.0;4.0;4.0;17.0;1;4
730;5.0;1.0;4.0;4.0;3.0;4.0;3.0;2.0;1.0;5.0;5.0;2.0;3.0;3.0;3.0;5.0;5.0;2.0;3.0;1.0;1.0;1.0;5.0;20.0;1;4
731;3.0;1.0;1.0;5.0;5.0;5.0;3.0;2.0;2.0;2.0;4.0;2.0;3.0;5.0;5.0;5.0;4.0;2.0;1.0;3.0;1.0;3.0;5.0;19.0;0;2
732;4.0;2.0;2.0;2.0;5.0;4.0;3.0;4.0;4.0;3.0;4.0;3.0;2.0;2.0;3.0;3.0;5.0;1.0;1.0;5.0;2.0;4.0;3.0;21.0;0;5
733;4.0;1.0;4.0;3.0;5.0;5.0;4.0;4.0;4.0;3.0;4.0;5.0;4.0;1.0;1.0;2.0;3.0;1.0;1.0;5.0;1.0;3.0;2.0;19.0;0;5
734;5.0;4.0;3.0;5.0;5.0;5.0;4.0;4.0;4.0;4.0;3.0;3.0;2.0;3.0;4.0;4.0;4.0;5.0;2.0;5.0;4.0;5.0;3.0;19.0;0;2
735;5.0;2.0;4.0;5.0;4.0;5.0;4.0;1.0;5.0;5.0;5.0;5.0;3.0;2.0;4.0;5.0;5.0;5.0;1.0;5.0;1.0;5.0;5.0;20.0;0;2
736;5.0;4.0;5.0;3.0;5.0;5.0;3.0;2.0;1.0;4.0;2.0;1.0;2.0;1.0;1.0;2.0;3.0;2.0;1.0;4.0;2.0;2.0;3.0;21.0;1;1
737;4.0;3.0;3.0;3.0;5.0;4.0;4.0;3.0;2.0;5.0;2.0;2.0;2.0;3.0;3.0;2.0;4.0;1.0;1.0;4.0;3.0;2.0;4.0;23.0;1;3
738;5.0;4.0;3.0;3.0;4.0;4.0;3.0;1.0;2.0;4.0;2.0;1.0;1.0;4.0;3.0;3.0;2.0;3.0;3.0;3.0;5.0;3.0;3.0;24.0;1;3
739;5.0;5.0;2.0;2.0;3.0;5.0;2.0;2.0;2.0;3.0;2.0;2.0;3.0;1.0;1.0;3.0;5.0;5.0;5.0;5.0;1.0;1.0;1.0;19.0;0;5
740;5.0;5.0;3.0;2.0;5.0;5.0;3.0;2.0;5.0;4.0;5.0;2.0;5.0;3.0;5.0;5.0;5.0;1.0;2.0;5.0;4.0;5.0;4.0;20.0;1;4
741;5.0;2.0;3.0;5.0;5.0;5.0;5.0;1.0;4.0;3.0;5.0;3.0;5.0;4.0;5.0;5.0;5.0;4.0;5.0;5.0;3.0;4.0;5.0;30.0;0;2
742;5.0;4.0;2.0;4.0;5.0;5.0;5.0;5.0;2.0;2.0;4.0;2.0;2.0;1.0;1.0;3.0;5.0;2.0;1.0;2.0;1.0;2.0;2.0;23.0;1;4
743;5.0;1.0;4.0;2.0;3.0;3.0;4.0;4.0;2.0;1.0;1.0;1.0;1.0;5.0;2.0;1.0;3.0;2.0;1.0;1.0;1.0;3.0;1.0;19.0;0;5
744;3.0;1.0;2.0;4.0;5.0;4.0;5.0;2.0;2.0;5.0;3.0;2.0;1.0;2.0;3.0;4.0;2.0;4.0;4.0;5.0;2.0;1.0;4.0;22.0;1;3
745;4.0;4.0;4.0;3.0;5.0;5.0;2.0;3.0;1.0;5.0;5.0;1.0;2.0;3.0;1.0;5.0;5.0;1.0;1.0;1.0;4.0;3.0;3.0;17.0;1;1
746;5.0;5.0;3.0;2.0;5.0;5.0;5.0;2.0;5.0;3.0;5.0;2.0;4.0;5.0;4.0;1.0;4.0;2.0;1.0;5.0;3.0;3.0;3.0;20.0;0;5
747;5.0;5.0;3.0;2.0;5.0;5.0;2.0;5.0;5.0;3.0;4.0;2.0;4.0;4.0;1.0;1.0;4.0;1.0;1.0;5.0;5.0;3.0;1.0;19.0;0;5
748;5.0;5.0;3.0;3.0;4.0;5.0;5.0;3.0;2.0;2.0;3.0;1.0;2.0;1.0;2.0;3.0;3.0;1.0;1.0;4.0;3.0;4.0;2.0;27.0;0;5
749;5.0;5.0;4.0;2.0;5.0;5.0;3.0;4.0;4.0;4.0;5.0;4.0;4.0;4.0;3.0;2.0;3.0;1.0;1.0;4.0;1.0;5.0;4.0;19.0;0;2
750;5.0;3.0;3.0;5.0;5.0;3.0;2.0;4.0;3.0;3.0;4.0;4.0;4.0;2.0;3.0;3.0;5.0;2.0;1.0;4.0;5.0;3.0;4.0;17.0;1;3
751;5.0;2.0;3.0;3.0;5.0;5.0;3.0;4.0;4.0;5.0;3.0;3.0;2.0;3.0;1.0;4.0;4.0;3.0;2.0;1.0;4.0;5.0;3.0;20.0;0;2
752;5.0;5.0;3.0;3.0;5.0;5.0;1.0;2.0;5.0;4.0;4.0;2.0;3.0;1.0;4.0;2.0;4.0;1.0;1.0;2.0;2.0;4.0;2.0;20.0;0;5
753;5.0;4.0;3.0;3.0;5.0;4.0;3.0;5.0;4.0;4.0;4.0;2.0;3.0;5.0;4.0;3.0;4.0;1.0;1.0;1.0;1.0;5.0;4.0;20.0;0;2
754;5.0;4.0;3.0;4.0;5.0;5.0;4.0;3.0;4.0;5.0;4.0;3.0;3.0;2.0;4.0;2.0;5.0;1.0;1.0;5.0;4.0;5.0;3.0;21.0;0;2
755;5.0;2.0;2.0;3.0;5.0;5.0;2.0;4.0;4.0;5.0;2.0;1.0;3.0;4.0;1.0;4.0;4.0;3.0;2.0;1.0;4.0;4.0;3.0;21.0;0;2
756;5.0;4.0;3.0;3.0;5.0;5.0;4.0;5.0;4.0;5.0;3.0;3.0;4.0;4.0;2.0;4.0;4.0;1.0;1.0;5.0;2.0;4.0;2.0;20.0;0;2
757;4.0;4.0;2.0;1.0;5.0;4.0;3.0;4.0;5.0;2.0;2.0;4.0;2.0;2.0;3.0;2.0;3.0;1.0;4.0;3.0;3.0;3.0;2.0;17.0;1;3
758;4.0;3.0;4.0;2.0;3.0;4.0;2.0;4.0;5.0;2.0;4.0;4.0;5.0;4.0;3.0;5.0;4.0;1.0;1.0;5.0;2.0;4.0;3.0;23.0;0;2
759;5.0;1.0;3.0;1.0;5.0;5.0;3.0;2.0;2.0;3.0;4.0;2.0;4.0;5.0;4.0;3.0;3.0;1.0;1.0;1.0;2.0;5.0;1.0;25.0;1;3
760;5.0;2.0;1.0;3.0;5.0;4.0;4.0;1.0;5.0;5.0;5.0;2.0;5.0;5.0;1.0;4.0;5.0;3.0;1.0;4.0;2.0;5.0;5.0;18.0;1;4
761;5.0;3.0;1.0;1.0;5.0;4.0;4.0;2.0;2.0;3.0;2.0;2.0;2.0;2.0;3.0;4.0;4.0;1.0;1.0;2.0;2.0;2.0;3.0;25.0;1;3
762;5.0;2.0;3.0;4.0;5.0;5.0;4.0;2.0;3.0;4.0;4.0;2.0;5.0;4.0;4.0;3.0;4.0;1.0;1.0;1.0;1.0;5.0;5.0;21.0;0;2
763;5.0;2.0;2.0;3.0;5.0;4.0;3.0;4.0;3.0;2.0;3.0;2.0;2.0;3.0;1.0;2.0;2.0;5.0;1.0;4.0;2.0;5.0;3.0;20.0;0;2
764;4.0;3.0;3.0;3.0;5.0;5.0;3.0;5.0;5.0;3.0;5.0;2.0;3.0;4.0;2.0;2.0;4.0;1.0;1.0;5.0;1.0;3.0;3.0;21.0;0;2
765;5.0;3.0;2.0;2.0;5.0;4.0;4.0;2.0;3.0;2.0;2.0;1.0;3.0;3.0;2.0;1.0;3.0;1.0;1.0;5.0;2.0;2.0;3.0;18.0;1;3
766;5.0;4.0;1.0;1.0;5.0;3.0;3.0;3.0;2.0;4.0;3.0;1.0;1.0;4.0;1.0;1.0;1.0;1.0;1.0;5.0;3.0;4.0;1.0;20.0;1;1
767;5.0;5.0;5.0;4.0;5.0;5.0;4.0;5.0;5.0;4.0;4.0;2.0;2.0;2.0;4.0;1.0;3.0;5.0;1.0;5.0;3.0;4.0;2.0;19.0;0;5
768;5.0;3.0;3.0;4.0;5.0;3.0;3.0;1.0;5.0;3.0;5.0;1.0;4.0;5.0;5.0;5.0;5.0;5.0;3.0;5.0;1.0;3.0;5.0;22.0;0;2
769;4.0;5.0;4.0;4.0;5.0;5.0;4.0;2.0;4.0;4.0;2.0;2.0;2.0;4.0;4.0;3.0;4.0;4.0;3.0;5.0;4.0;4.0;2.0;26.0;0;2
770;4.0;2.0;1.0;2.0;5.0;5.0;1.0;4.0;2.0;2.0;4.0;2.0;2.0;2.0;3.0;4.0;3.0;2.0;1.0;5.0;2.0;4.0;1.0;23.0;0;5
771;5.0;4.0;2.0;2.0;5.0;4.0;4.0;3.0;3.0;2.0;2.0;1.0;3.0;3.0;2.0;1.0;3.0;1.0;1.0;5.0;2.0;2.0;3.0;18.0;1;3
772;5.0;1.0;1.0;4.0;5.0;5.0;5.0;1.0;5.0;5.0;5.0;2.0;5.0;4.0;2.0;5.0;5.0;5.0;1.0;3.0;1.0;5.0;5.0;18.0;1;4
773;5.0;3.0;2.0;2.0;5.0;5.0;5.0;1.0;1.0;4.0;1.0;1.0;3.0;3.0;1.0;4.0;4.0;3.0;3.0;4.0;3.0;1.0;2.0;16.0;1;1
774;5.0;2.0;3.0;4.0;5.0;5.0;5.0;5.0;2.0;5.0;2.0;1.0;4.0;4.0;3.0;5.0;5.0;1.0;1.0;1.0;3.0;2.0;4.0;19.0;1;4
775;5.0;3.0;4.0;4.0;5.0;5.0;5.0;3.0;1.0;5.0;4.0;1.0;3.0;2.0;1.0;5.0;5.0;1.0;1.0;3.0;5.0;1.0;5.0;19.0;1;1
776;3.0;5.0;4.0;2.0;4.0;4.0;3.0;1.0;5.0;4.0;3.0;1.0;3.0;2.0;2.0;4.0;4.0;1.0;1.0;1.0;4.0;4.0;4.0;23.0;1;3
777;5.0;1.0;1.0;1.0;5.0;2.0;1.0;5.0;4.0;1.0;1.0;1.0;1.0;1.0;4.0;1.0;4.0;4.0;1.0;4.0;1.0;5.0;3.0;21.0;0;5
778;5.0;2.0;1.0;2.0;5.0;5.0;5.0;1.0;4.0;4.0;4.0;2.0;4.0;5.0;3.0;5.0;4.0;1.0;1.0;4.0;4.0;2.0;5.0;20.0;1;4
779;5.0;2.0;3.0;3.0;5.0;5.0;5.0;4.0;4.0;4.0;5.0;2.0;5.0;3.0;1.0;5.0;5.0;5.0;5.0;3.0;5.0;4.0;5.0;22.0;1;4
780;5.0;4.0;2.0;2.0;5.0;5.0;3.0;5.0;4.0;2.0;1.0;2.0;1.0;1.0;1.0;1.0;3.0;2.0;1.0;5.0;5.0;5.0;1.0;20.0;0;5
781;5.0;3.0;2.0;2.0;5.0;5.0;3.0;2.0;3.0;3.0;4.0;1.0;3.0;2.0;3.0;1.0;4.0;2.0;1.0;3.0;1.0;4.0;3.0;19.0;0;5
782;5.0;4.0;3.0;2.0;2.0;4.0;3.0;2.0;3.0;3.0;4.0;3.0;2.0;2.0;3.0;2.0;4.0;2.0;2.0;4.0;3.0;3.0;3.0;17.0;1;3
783;5.0;2.0;4.0;3.0;5.0;5.0;5.0;4.0;4.0;5.0;4.0;2.0;2.0;3.0;1.0;2.0;3.0;1.0;2.0;5.0;3.0;4.0;3.0;19.0;1;4
784;5.0;1.0;2.0;4.0;5.0;3.0;2.0;2.0;3.0;2.0;3.0;2.0;4.0;2.0;4.0;5.0;4.0;2.0;4.0;2.0;1.0;4.0;4.0;22.0;0;2
785;5.0;3.0;2.0;3.0;4.0;2.0;3.0;2.0;4.0;3.0;3.0;3.0;2.0;3.0;2.0;2.0;3.0;4.0;3.0;3.0;3.0;4.0;3.0;23.0;0;2
786;5.0;1.0;3.0;5.0;5.0;3.0;3.0;3.0;3.0;3.0;5.0;3.0;4.0;4.0;4.0;4.0;3.0;1.0;1.0;3.0;1.0;3.0;2.0;28.0;1;3
787;5.0;2.0;4.0;4.0;4.0;5.0;5.0;4.0;4.0;4.0;2.0;1.0;2.0;3.0;5.0;4.0;4.0;1.0;1.0;5.0;4.0;3.0;3.0;21.0;0;2
788;4.0;1.0;2.0;3.0;5.0;5.0;5.0;4.0;5.0;2.0;4.0;2.0;4.0;2.0;5.0;2.0;2.0;1.0;1.0;1.0;1.0;1.0;5.0;22.0;1;3
789;5.0;2.0;3.0;5.0;3.0;5.0;1.0;5.0;5.0;3.0;4.0;3.0;5.0;1.0;3.0;3.0;4.0;5.0;3.0;2.0;4.0;5.0;1.0;19.0;0;2
790;3.0;2.0;2.0;2.0;5.0;4.0;5.0;3.0;2.0;4.0;3.0;1.0;3.0;3.0;3.0;2.0;5.0;1.0;1.0;4.0;5.0;3.0;3.0;24.0;1;3
791;5.0;5.0;3.0;3.0;5.0;5.0;4.0;5.0;5.0;4.0;5.0;3.0;5.0;2.0;4.0;3.0;5.0;1.0;1.0;5.0;3.0;5.0;3.0;23.0;0;2
792;5.0;2.0;3.0;4.0;5.0;3.0;1.0;4.0;5.0;5.0;5.0;1.0;5.0;2.0;4.0;1.0;5.0;1.0;1.0;1.0;1.0;3.0;2.0;21.0;1;1
793;5.0;3.0;3.0;2.0;4.0;5.0;5.0;2.0;2.0;5.0;3.0;2.0;2.0;2.0;2.0;3.0;3.0;1.0;2.0;3.0;4.0;2.0;2.0;22.0;1;3
794;5.0;2.0;2.0;3.0;5.0;3.0;4.0;3.0;2.0;3.0;4.0;3.0;2.0;2.0;3.0;4.0;3.0;4.0;3.0;4.0;3.0;3.0;2.0;18.0;0;2
795;5.0;4.0;4.0;2.0;3.0;2.0;2.0;4.0;4.0;4.0;2.0;2.0;3.0;4.0;3.0;2.0;5.0;4.0;4.0;4.0;4.0;4.0;3.0;28.0;1;4
796;5.0;4.0;4.0;5.0;5.0;5.0;5.0;2.0;4.0;5.0;5.0;2.0;5.0;3.0;4.0;5.0;5.0;4.0;1.0;2.0;4.0;3.0;5.0;18.0;1;4
797;5.0;1.0;1.0;3.0;4.0;4.0;4.0;1.0;4.0;4.0;5.0;1.0;5.0;4.0;3.0;5.0;3.0;2.0;5.0;5.0;2.0;3.0;4.0;23.0;1;4
798;5.0;3.0;3.0;2.0;4.0;4.0;3.0;2.0;4.0;2.0;4.0;2.0;4.0;2.0;2.0;4.0;3.0;3.0;2.0;4.0;3.0;4.0;3.0;22.0;1;3
799;5.0;1.0;2.0;4.0;5.0;2.0;2.0;2.0;2.0;3.0;4.0;3.0;4.0;4.0;3.0;5.0;5.0;4.0;3.0;4.0;1.0;3.0;5.0;21.0;1;4
800;5.0;2.0;3.0;4.0;5.0;3.0;2.0;4.0;4.0;4.0;3.0;3.0;5.0;4.0;4.0;5.0;5.0;2.0;5.0;4.0;2.0;3.0;5.0;20.0;1;4
801;4.0;4.0;2.0;2.0;5.0;5.0;4.0;4.0;3.0;4.0;2.0;3.0;1.0;2.0;2.0;4.0;4.0;1.0;1.0;1.0;5.0;2.0;3.0;18.0;1;3
802;4.0;1.0;3.0;3.0;5.0;4.0;2.0;2.0;3.0;1.0;1.0;2.0;4.0;2.0;5.0;4.0;2.0;1.0;1.0;2.0;2.0;3.0;2.0;21.0;0;3
803;5.0;2.0;2.0;2.0;5.0;4.0;3.0;3.0;4.0;1.0;3.0;4.0;3.0;2.0;3.0;1.0;4.0;1.0;1.0;4.0;3.0;3.0;2.0;20.0;0;5
804;5.0;3.0;3.0;3.0;5.0;4.0;5.0;3.0;3.0;5.0;4.0;2.0;5.0;5.0;3.0;5.0;4.0;5.0;4.0;5.0;2.0;1.0;5.0;21.0;1;4
805;4.0;2.0;3.0;3.0;3.0;4.0;2.0;2.0;3.0;3.0;3.0;1.0;3.0;5.0;2.0;4.0;3.0;1.0;1.0;1.0;3.0;1.0;3.0;20.0;1;3
806;5.0;4.0;3.0;2.0;5.0;5.0;5.0;1.0;2.0;3.0;5.0;1.0;2.0;5.0;5.0;2.0;5.0;1.0;1.0;1.0;3.0;5.0;2.0;20.0;1;1
807;5.0;3.0;1.0;4.0;5.0;5.0;3.0;2.0;3.0;5.0;4.0;2.0;3.0;2.0;2.0;5.0;5.0;3.0;2.0;2.0;4.0;3.0;3.0;23.0;1;4
808;5.0;2.0;2.0;1.0;5.0;5.0;2.0;1.0;5.0;5.0;4.0;1.0;3.0;4.0;2.0;1.0;5.0;1.0;1.0;5.0;3.0;3.0;3.0;19.0;1;1
809;5.0;1.0;2.0;2.0;5.0;4.0;2.0;2.0;2.0;3.0;5.0;1.0;2.0;1.0;3.0;2.0;3.0;1.0;1.0;4.0;1.0;5.0;3.0;22.0;0;5
810;5.0;4.0;4.0;1.0;5.0;5.0;5.0;4.0;4.0;5.0;3.0;1.0;1.0;5.0;1.0;1.0;4.0;1.0;1.0;5.0;3.0;2.0;4.0;19.0;1;1
811;5.0;4.0;4.0;2.0;5.0;5.0;5.0;3.0;2.0;5.0;5.0;2.0;3.0;2.0;2.0;4.0;4.0;3.0;1.0;1.0;4.0;2.0;3.0;19.0;1;4
812;5.0;5.0;3.0;1.0;5.0;5.0;5.0;2.0;3.0;5.0;3.0;2.0;3.0;2.0;2.0;1.0;3.0;4.0;1.0;1.0;3.0;3.0;2.0;18.0;1;1
813;5.0;2.0;3.0;2.0;5.0;3.0;4.0;4.0;5.0;5.0;3.0;4.0;1.0;2.0;3.0;2.0;4.0;1.0;1.0;5.0;3.0;3.0;2.0;18.0;0;5
814;5.0;4.0;3.0;2.0;5.0;5.0;4.0;3.0;1.0;5.0;2.0;1.0;1.0;1.0;2.0;2.0;3.0;1.0;1.0;3.0;4.0;3.0;2.0;20.0;1;1
815;5.0;1.0;4.0;5.0;5.0;4.0;4.0;4.0;4.0;4.0;4.0;2.0;4.0;1.0;4.0;4.0;4.0;4.0;2.0;2.0;3.0;5.0;5.0;17.0;1;4
816;5.0;2.0;1.0;1.0;5.0;5.0;5.0;2.0;2.0;5.0;2.0;1.0;3.0;1.0;1.0;5.0;5.0;1.0;1.0;3.0;2.0;1.0;1.0;16.0;1;1
817;4.0;2.0;3.0;4.0;4.0;4.0;4.0;3.0;3.0;4.0;3.0;3.0;2.0;2.0;1.0;1.0;4.0;3.0;2.0;3.0;3.0;3.0;3.0;21.0;1;3
818;5.0;4.0;5.0;5.0;5.0;5.0;5.0;4.0;2.0;4.0;3.0;5.0;3.0;5.0;1.0;5.0;4.0;5.0;1.0;2.0;1.0;3.0;4.0;18.0;1;4
819;5.0;4.0;1.0;3.0;5.0;4.0;2.0;5.0;1.0;5.0;5.0;1.0;4.0;4.0;3.0;5.0;5.0;1.0;1.0;1.0;4.0;4.0;4.0;19.0;1;4
820;5.0;4.0;5.0;4.0;5.0;3.0;4.0;2.0;3.0;3.0;2.0;1.0;2.0;4.0;5.0;5.0;5.0;5.0;3.0;2.0;4.0;3.0;3.0;18.0;1;4
821;5.0;1.0;3.0;5.0;5.0;5.0;3.0;3.0;4.0;4.0;3.0;4.0;4.0;3.0;4.0;3.0;5.0;1.0;3.0;5.0;5.0;1.0;3.0;24.0;0;2
822;5.0;2.0;1.0;3.0;5.0;5.0;4.0;5.0;4.0;5.0;3.0;1.0;4.0;2.0;3.0;3.0;2.0;2.0;2.0;5.0;3.0;4.0;5.0;19.0;1;4
823;5.0;5.0;4.0;2.0;3.0;4.0;2.0;5.0;5.0;3.0;2.0;4.0;4.0;2.0;3.0;1.0;4.0;1.0;1.0;3.0;1.0;5.0;2.0;22.0;0;5
824;5.0;2.0;1.0;4.0;5.0;4.0;3.0;5.0;5.0;5.0;3.0;3.0;3.0;2.0;1.0;3.0;5.0;5.0;1.0;3.0;3.0;5.0;1.0;22.0;0;2
825;5.0;4.0;3.0;2.0;4.0;3.0;4.0;3.0;3.0;4.0;2.0;1.0;2.0;1.0;1.0;2.0;3.0;4.0;2.0;3.0;3.0;2.0;3.0;16.0;1;3
826;5.0;2.0;3.0;2.0;5.0;5.0;5.0;4.0;2.0;5.0;4.0;3.0;4.0;2.0;2.0;4.0;4.0;1.0;1.0;4.0;3.0;4.0;5.0;18.0;1;4
827;4.0;4.0;5.0;3.0;5.0;4.0;2.0;5.0;3.0;2.0;2.0;2.0;1.0;1.0;2.0;1.0;2.0;1.0;1.0;5.0;1.0;5.0;1.0;26.0;0;5
828;5.0;1.0;3.0;3.0;4.0;5.0;4.0;5.0;4.0;5.0;4.0;4.0;3.0;2.0;3.0;2.0;5.0;5.0;4.0;2.0;1.0;4.0;2.0;19.0;0;2
829;5.0;4.0;4.0;4.0;5.0;4.0;4.0;4.0;3.0;4.0;4.0;2.0;4.0;4.0;3.0;4.0;5.0;3.0;2.0;4.0;4.0;4.0;3.0;20.0;1;4
830;5.0;1.0;3.0;1.0;4.0;5.0;1.0;3.0;1.0;3.0;5.0;1.0;5.0;5.0;1.0;2.0;1.0;1.0;3.0;5.0;1.0;5.0;3.0;19.0;1;1
831;5.0;5.0;1.0;2.0;4.0;5.0;4.0;4.0;4.0;3.0;3.0;2.0;3.0;3.0;3.0;1.0;1.0;1.0;1.0;1.0;1.0;4.0;2.0;20.0;0;5
832;4.0;2.0;5.0;4.0;4.0;4.0;3.0;2.0;5.0;5.0;4.0;2.0;4.0;4.0;2.0;1.0;4.0;1.0;1.0;3.0;1.0;2.0;3.0;24.0;1;3
833;5.0;5.0;4.0;3.0;5.0;5.0;4.0;4.0;5.0;4.0;5.0;3.0;5.0;5.0;5.0;3.0;3.0;1.0;1.0;5.0;4.0;5.0;1.0;20.0;0;5
834;5.0;1.0;1.0;4.0;3.0;4.0;4.0;1.0;1.0;3.0;5.0;2.0;5.0;3.0;1.0;5.0;5.0;2.0;4.0;1.0;2.0;1.0;4.0;21.0;1;4
835;5.0;3.0;4.0;3.0;3.0;4.0;3.0;3.0;3.0;4.0;4.0;3.0;3.0;4.0;2.0;3.0;4.0;4.0;2.0;5.0;1.0;4.0;3.0;21.0;0;2
836;5.0;1.0;3.0;2.0;5.0;5.0;5.0;5.0;5.0;5.0;5.0;3.0;5.0;5.0;1.0;5.0;5.0;2.0;5.0;5.0;5.0;3.0;3.0;17.0;1;4
837;5.0;1.0;3.0;4.0;5.0;5.0;5.0;1.0;3.0;5.0;1.0;2.0;5.0;5.0;5.0;5.0;5.0;5.0;5.0;5.0;5.0;1.0;5.0;19.0;1;4
838;5.0;1.0;4.0;4.0;5.0;5.0;1.0;5.0;5.0;4.0;5.0;5.0;5.0;2.0;3.0;5.0;3.0;4.0;1.0;4.0;1.0;5.0;4.0;18.0;0;2
839;5.0;5.0;3.0;3.0;5.0;5.0;3.0;4.0;4.0;3.0;4.0;2.0;2.0;1.0;1.0;1.0;2.0;1.0;1.0;4.0;3.0;5.0;2.0;19.0;0;5
840;5.0;2.0;2.0;3.0;5.0;5.0;4.0;4.0;5.0;5.0;2.0;2.0;3.0;3.0;1.0;4.0;4.0;1.0;1.0;2.0;1.0;1.0;2.0;19.0;0;5
841;5.0;4.0;2.0;5.0;5.0;5.0;5.0;4.0;5.0;5.0;3.0;3.0;2.0;3.0;2.0;4.0;5.0;5.0;1.0;1.0;2.0;5.0;4.0;22.0;0;2
842;5.0;1.0;4.0;3.0;4.0;4.0;2.0;4.0;2.0;4.0;4.0;2.0;3.0;2.0;3.0;4.0;5.0;1.0;1.0;4.0;1.0;4.0;2.0;18.0;0;3
843;5.0;1.0;3.0;3.0;5.0;5.0;5.0;5.0;4.0;4.0;4.0;1.0;3.0;4.0;2.0;5.0;5.0;2.0;4.0;3.0;1.0;5.0;5.0;19.0;1;4
844;5.0;1.0;4.0;5.0;4.0;5.0;3.0;4.0;2.0;5.0;5.0;3.0;2.0;4.0;1.0;4.0;1.0;3.0;4.0;1.0;2.0;5.0;3.0;20.0;1;4
845;5.0;1.0;5.0;3.0;5.0;5.0;4.0;4.0;3.0;3.0;5.0;2.0;3.0;4.0;3.0;5.0;5.0;1.0;1.0;5.0;2.0;4.0;3.0;21.0;1;4
846;5.0;3.0;4.0;4.0;5.0;5.0;5.0;3.0;3.0;4.0;4.0;3.0;2.0;5.0;2.0;4.0;5.0;4.0;2.0;4.0;3.0;3.0;4.0;19.0;1;4
847;5.0;4.0;2.0;1.0;5.0;4.0;4.0;3.0;4.0;3.0;3.0;3.0;2.0;1.0;3.0;2.0;4.0;1.0;1.0;3.0;2.0;1.0;2.0;19.0;0;5
848;5.0;2.0;3.0;5.0;5.0;5.0;3.0;3.0;2.0;5.0;3.0;2.0;5.0;3.0;3.0;5.0;4.0;1.0;1.0;1.0;3.0;2.0;5.0;21.0;1;4
849;5.0;3.0;2.0;4.0;5.0;5.0;4.0;3.0;5.0;5.0;4.0;2.0;5.0;3.0;5.0;3.0;5.0;1.0;2.0;3.0;3.0;3.0;3.0;19.0;0;2
850;5.0;1.0;3.0;5.0;5.0;3.0;3.0;2.0;2.0;2.0;3.0;2.0;5.0;5.0;5.0;5.0;2.0;3.0;3.0;1.0;2.0;3.0;5.0;18.0;1;4
851;5.0;1.0;2.0;3.0;5.0;4.0;3.0;5.0;3.0;3.0;2.0;2.0;5.0;5.0;2.0;5.0;2.0;3.0;4.0;1.0;2.0;3.0;5.0;19.0;1;4
852;5.0;2.0;4.0;3.0;4.0;4.0;1.0;4.0;2.0;2.0;2.0;1.0;1.0;2.0;3.0;1.0;4.0;2.0;1.0;1.0;3.0;5.0;4.0;18.0;0;3
853;5.0;4.0;4.0;2.0;5.0;5.0;4.0;1.0;1.0;5.0;1.0;1.0;2.0;2.0;3.0;3.0;2.0;2.0;1.0;4.0;3.0;1.0;3.0;22.0;1;1
854;5.0;1.0;2.0;1.0;4.0;3.0;2.0;1.0;1.0;3.0;3.0;1.0;1.0;1.0;4.0;4.0;2.0;1.0;1.0;1.0;1.0;3.0;5.0;21.0;1;1
855;5.0;1.0;4.0;2.0;5.0;4.0;5.0;2.0;2.0;4.0;1.0;1.0;4.0;3.0;2.0;5.0;4.0;4.0;1.0;3.0;3.0;3.0;5.0;20.0;1;3
856;4.0;3.0;3.0;4.0;4.0;3.0;3.0;2.0;2.0;4.0;5.0;2.0;5.0;5.0;3.0;5.0;5.0;5.0;1.0;4.0;1.0;3.0;4.0;19.0;1;4
857;5.0;5.0;2.0;3.0;3.0;5.0;5.0;1.0;3.0;5.0;3.0;3.0;5.0;5.0;5.0;5.0;5.0;5.0;5.0;5.0;1.0;3.0;5.0;30.0;1;4
858;5.0;1.0;1.0;2.0;5.0;5.0;2.0;3.0;4.0;2.0;5.0;4.0;3.0;2.0;5.0;3.0;3.0;3.0;1.0;2.0;1.0;4.0;1.0;29.0;0;5
859;5.0;5.0;2.0;1.0;5.0;4.0;1.0;4.0;4.0;1.0;4.0;3.0;4.0;1.0;2.0;2.0;4.0;1.0;1.0;1.0;2.0;3.0;1.0;21.0;0;5
860;4.0;2.0;3.0;2.0;4.0;4.0;3.0;5.0;3.0;4.0;4.0;3.0;5.0;2.0;3.0;2.0;2.0;1.0;5.0;1.0;1.0;5.0;2.0;30.0;0;2
861;5.0;3.0;2.0;1.0;5.0;4.0;3.0;5.0;3.0;3.0;4.0;1.0;3.0;4.0;3.0;1.0;5.0;1.0;1.0;3.0;1.0;3.0;2.0;18.0;1;3
862;5.0;4.0;4.0;2.0;3.0;4.0;1.0;3.0;2.0;3.0;3.0;2.0;4.0;1.0;1.0;1.0;3.0;4.0;1.0;2.0;1.0;2.0;2.0;20.0;0;5
863;5.0;2.0;4.0;1.0;4.0;5.0;4.0;2.0;2.0;5.0;3.0;2.0;1.0;5.0;1.0;1.0;5.0;3.0;2.0;5.0;3.0;2.0;2.0;19.0;1;1
864;5.0;3.0;2.0;1.0;5.0;5.0;3.0;5.0;4.0;4.0;4.0;4.0;3.0;4.0;2.0;4.0;5.0;3.0;4.0;5.0;3.0;5.0;4.0;28.0;0;2
865;5.0;5.0;3.0;2.0;5.0;5.0;5.0;2.0;5.0;5.0;3.0;2.0;3.0;3.0;2.0;2.0;2.0;2.0;1.0;5.0;3.0;3.0;4.0;16.0;1;4
866;5.0;4.0;3.0;1.0;3.0;5.0;4.0;1.0;1.0;3.0;2.0;2.0;3.0;2.0;3.0;3.0;1.0;1.0;1.0;4.0;3.0;2.0;4.0;18.0;1;3
867;5.0;1.0;4.0;2.0;3.0;3.0;1.0;2.0;2.0;2.0;2.0;2.0;2.0;2.0;1.0;1.0;3.0;5.0;4.0;1.0;1.0;3.0;1.0;22.0;0;5
868;4.0;2.0;4.0;4.0;5.0;5.0;4.0;4.0;3.0;3.0;4.0;2.0;3.0;4.0;3.0;4.0;4.0;2.0;1.0;3.0;1.0;2.0;3.0;20.0;1;4
869;5.0;5.0;4.0;2.0;5.0;5.0;3.0;4.0;4.0;4.0;3.0;3.0;3.0;4.0;1.0;2.0;4.0;4.0;1.0;2.0;1.0;2.0;2.0;22.0;0;2
870;5.0;4.0;1.0;5.0;5.0;4.0;5.0;4.0;2.0;5.0;2.0;1.0;4.0;4.0;2.0;5.0;5.0;3.0;4.0;4.0;4.0;3.0;5.0;20.0;1;4
871;4.0;3.0;3.0;2.0;4.0;3.0;5.0;2.0;1.0;4.0;3.0;1.0;2.0;3.0;3.0;4.0;5.0;2.0;1.0;2.0;1.0;3.0;2.0;18.0;1;3
872;5.0;2.0;2.0;3.0;5.0;5.0;3.0;1.0;2.0;5.0;3.0;1.0;3.0;5.0;3.0;2.0;5.0;1.0;4.0;4.0;3.0;5.0;5.0;25.0;1;1
873;5.0;3.0;1.0;1.0;5.0;5.0;2.0;3.0;1.0;4.0;4.0;1.0;2.0;3.0;1.0;1.0;4.0;1.0;2.0;4.0;3.0;3.0;1.0;21.0;0;5
